num1,num2,sum_sum_sum_sum_sum_sum_sum_sum_sum_sum_sum_sum_sum_sum_sum_sum_sum_sum_sum_sum_sum_sum_sum_sum_sum_sum_sum_sum_sum_sum_sum_sum_sum_sum_sum_sum
0.12113077193498611,0.4289846122264862,0.5501154065132141
0.34659966826438904,0.8436666131019592,1.1902662515640259
0.9565927386283875,0.39006873965263367,1.3466614484786987
0.9424309730529785,0.6650328636169434,1.6074638366699219
0.9943611025810242,0.42742228507995605,1.421783447265625
0.6991187334060669,0.5146740674972534,1.2137928009033203
0.11996561288833618,0.9842810034751892,1.1042466163635254
0.39749714732170105,0.7543398141860962,1.1518369913101196
0.5333992838859558,0.5177002549171448,1.0510995388031006
0.5324291586875916,0.7085904479026794,1.241019606590271
0.027196485549211502,0.6298251152038574,0.6570215821266174
0.4711507260799408,0.23018275201320648,0.7013334631919861
0.7386022806167603,0.26112571358680725,0.9997279644012451
0.21513663232326508,0.36982887983322144,0.5849655270576477
0.7258266806602478,0.16770118474960327,0.8935278654098511
0.5381971001625061,0.4292144477367401,0.9674115180969238
0.3357999622821808,0.05956540256738663,0.3953653573989868
0.6828947067260742,0.30384793877601624,0.9867426156997681
0.3167891800403595,0.20199783146381378,0.5187870264053345
0.1894061416387558,0.6277613043785095,0.8171674609184265
0.5287234783172607,0.275224506855011,0.8039479851722717
0.009002288803458214,0.6536137461662292,0.6626160144805908
0.3110902011394501,0.5375106334686279,0.8486008644104004
0.9624879360198975,0.39997440576553345,1.3624622821807861
0.1650693714618683,0.3583272397518158,0.5233966112136841
0.08507565408945084,0.5430418848991394,0.628117561340332
0.20564475655555725,0.5576794743537903,0.7633242607116699
0.5744160413742065,0.5825076103210449,1.1569236516952515
0.19659775495529175,0.9795385599136353,1.1761362552642822
0.6577389240264893,0.5308865904808044,1.1886255741119385
0.06521588563919067,0.40575578808784485,0.4709716737270355
0.15062974393367767,0.08813302218914032,0.238762766122818
0.6113921403884888,0.0408383272588253,0.652230441570282
0.4640370309352875,0.6140050888061523,1.0780421495437622
0.03585208207368851,0.9689002633094788,1.0047523975372314
0.03205319494009018,0.6094995737075806,0.641552746295929
0.5656908750534058,0.7125961780548096,1.2782870531082153
0.06182084232568741,0.13448847830295563,0.19630932807922363
0.8981321454048157,0.8841943144798279,1.7823264598846436
0.33412426710128784,0.25322872400283813,0.587352991104126
0.2727348506450653,0.37707892060279846,0.6498137712478638
0.08981721848249435,0.8508787155151367,0.9406959414482117
0.0018674158491194248,0.19966812431812286,0.20153553783893585
0.10081513226032257,0.9602336287498474,1.0610487461090088
0.6495174765586853,0.8561921119689941,1.5057096481323242
0.07247696816921234,0.0880543515086174,0.16053131222724915
0.8239169716835022,0.6473104953765869,1.4712274074554443
0.9162574410438538,0.8814919590950012,1.797749400138855
0.8391674160957336,0.7678489089012146,1.6070163249969482
0.9188809394836426,0.3027693033218384,1.221650242805481
0.7248609066009521,0.17663872241973877,0.9014996290206909
0.10421917587518692,0.32346343994140625,0.4276826083660126
0.44984227418899536,0.8987383842468262,1.3485805988311768
0.7587683200836182,0.621811032295227,1.3805793523788452
0.2769346237182617,0.36101529002189636,0.6379499435424805
0.20566147565841675,0.2436513453722,0.44931280612945557
0.6846908330917358,0.5663824677467346,1.2510733604431152
0.6433342099189758,0.10263856500387192,0.745972752571106
0.7147935032844543,0.8672848343849182,1.5820783376693726
0.8301624059677124,0.9309675693511963,1.7611299753189087
0.7446093559265137,0.0830971822142601,0.827706515789032
0.05233157053589821,0.9116084575653076,0.9639400243759155
0.30016711354255676,0.7504956126213074,1.0506627559661865
0.7509771585464478,0.23580302298069,0.9867801666259766
0.9084177017211914,0.1503022462129593,1.0587199926376343
0.7912710905075073,0.9405640363693237,1.731835126876831
0.03700004145503044,0.4326174259185791,0.46961745619773865
0.3843280076980591,0.730167031288147,1.114495038986206
0.47040897607803345,0.473280131816864,0.9436891078948975
0.7964878678321838,0.7616444826126099,1.5581324100494385
0.1813753843307495,0.11634799093008041,0.2977233827114105
0.2707524001598358,0.8269031047821045,1.0976555347442627
0.9915933609008789,0.2922365069389343,1.283829927444458
0.7906201481819153,0.3242891728878021,1.114909291267395
0.30045703053474426,0.9542843103408813,1.2547413110733032
0.8519680500030518,0.6411005854606628,1.4930686950683594
0.26905545592308044,0.5850211381912231,0.854076623916626
0.016620123758912086,0.9118685722351074,0.9284886717796326
0.03736213967204094,0.29834988713264465,0.3357120156288147
0.8880492448806763,0.1069575771689415,0.995006799697876
0.23572754859924316,0.48287102580070496,0.7185986042022705
0.6358015537261963,0.9326156377792358,1.5684171915054321
0.8915644288063049,0.35305434465408325,1.2446187734603882
0.3021472692489624,0.9828669428825378,1.2850141525268555
0.21735221147537231,0.9908486604690552,1.2082009315490723
0.7848872542381287,0.3500748574733734,1.1349620819091797
0.7218945622444153,0.7813359498977661,1.5032305717468262
0.2115570604801178,0.8691486120223999,1.0807056427001953
0.8032125234603882,0.9832221269607544,1.7864346504211426
0.10361109673976898,0.5808547139167786,0.6844658255577087
0.8091409206390381,0.004434533417224884,0.8135754466056824
0.3856745660305023,0.7209973335266113,1.106671929359436
0.4429493248462677,0.9806645512580872,1.4236139059066772
0.11656421422958374,0.07884027063846588,0.19540448486804962
0.22154462337493896,0.25258156657218933,0.4741261899471283
0.3785637617111206,0.38719165325164795,0.7657554149627686
0.4305945038795471,0.7393056154251099,1.1699001789093018
0.19328083097934723,0.24697472155094147,0.4402555525302887
0.5080256462097168,0.7336418032646179,1.2416675090789795
0.9670091867446899,0.20116297900676727,1.1681721210479736
0.814316987991333,0.11799681186676025,0.9323137998580933
0.3341786563396454,0.1515502631664276,0.485728919506073
0.7295897603034973,0.11793002486228943,0.8475197553634644
0.4366789162158966,0.4171791672706604,0.8538581132888794
0.04693320766091347,0.677990198135376,0.7249234318733215
0.1862696409225464,0.3272548317909241,0.5135244727134705
0.758079469203949,0.8516437411308289,1.6097232103347778
0.971638023853302,0.5411638617515564,1.5128018856048584
0.27219027280807495,0.01372210681438446,0.2859123945236206
0.4196234345436096,0.8185354471206665,1.238158941268921
0.6939076781272888,0.7585439682006836,1.4524517059326172
0.604383647441864,0.3833100199699402,0.9876936674118042
0.12844833731651306,0.4506898522377014,0.5791381597518921
0.16231736540794373,0.5417761206626892,0.7040934562683105
0.48408210277557373,0.31796106696128845,0.8020431995391846
0.008295100182294846,0.01829318143427372,0.026588281616568565
0.7513286471366882,0.354231059551239,1.1055597066879272
0.7307520508766174,0.3508250117301941,1.0815770626068115
0.4708017408847809,0.48132407665252686,0.9521257877349854
0.2527163326740265,0.2549144923686981,0.5076308250427246
0.18478381633758545,0.3176254630088806,0.5024092793464661
0.08233869820833206,0.04084065556526184,0.1231793537735939
0.8161394000053406,0.8359454274177551,1.6520848274230957
0.9065449833869934,0.9400679469108582,1.8466129302978516
0.0923459380865097,0.8239207863807678,0.9162667393684387
0.7686752080917358,0.36897313594818115,1.137648344039917
0.8414707183837891,0.07758187502622604,0.9190526008605957
0.5800479650497437,0.9229224920272827,1.5029704570770264
0.2773687541484833,0.943171501159668,1.2205402851104736
0.6449810862541199,0.33176669478416443,0.9767477512359619
0.2401314526796341,0.6176196932792664,0.8577511310577393
0.18286263942718506,0.31025195121765137,0.4931145906448364
0.4372608959674835,0.6285696029663086,1.0658304691314697
0.08643896132707596,0.9457666277885437,1.032205581665039
0.7256986498832703,0.11024227738380432,0.835940957069397
0.32953324913978577,0.5958818197250366,0.9254150390625
0.05350916460156441,0.6215620636940002,0.6750712394714355
0.5991445779800415,0.8587502241134644,1.4578948020935059
0.43681100010871887,0.21299606561660767,0.6498070955276489
0.47345519065856934,0.9097516536712646,1.383206844329834
0.8871559500694275,0.3216707110404968,1.2088266611099243
0.09001164138317108,0.956931471824646,1.0469430685043335
0.03158694878220558,0.8524227142333984,0.8840096592903137
0.13667890429496765,0.491507887840271,0.628186821937561
0.6530055403709412,0.9339337348937988,1.5869393348693848
0.09483976662158966,0.829397439956665,0.9242371916770935
0.1856517195701599,0.5516624450683594,0.7373141646385193
0.00030485796742141247,0.3896488547325134,0.38995370268821716
0.7059716582298279,0.6530827879905701,1.359054446220398
0.7637528777122498,0.8344449996948242,1.5981979370117188
0.40801870822906494,0.3475850224494934,0.7556037306785583
0.7649893164634705,0.8676177859306335,1.632607102394104
0.38458696007728577,0.5377673506736755,0.9223543405532837
0.20387569069862366,0.08695961534976959,0.29083532094955444
0.21540477871894836,0.33731311559677124,0.552717924118042
0.11665889620780945,0.03940625488758087,0.15606515109539032
0.2605936527252197,0.29278650879859924,0.5533801317214966
0.660110592842102,0.8452637195587158,1.5053743124008179
0.6582019925117493,0.10670902580022812,0.7649109959602356
0.5745844841003418,0.9933777451515198,1.5679621696472168
0.758388340473175,0.3109211325645447,1.0693094730377197
0.6498417258262634,0.5779669880867004,1.2278087139129639
0.7934633493423462,0.2928469479084015,1.0863102674484253
0.3123040497303009,0.9472242593765259,1.2595282793045044
0.12493446469306946,0.34746137261390686,0.4723958373069763
0.19014820456504822,0.7982834577560425,0.9884316921234131
0.7536306381225586,0.4108443856239319,1.1644749641418457
0.7924491167068481,0.2453947365283966,1.0378438234329224
0.16267096996307373,0.429519921541214,0.5921908617019653
0.21046939492225647,0.9319131374359131,1.1423825025558472
0.5949018597602844,0.0002919428516179323,0.5951938033103943
0.9175195693969727,0.9753307700157166,1.892850399017334
0.6393439173698425,0.6766282320022583,1.315972089767456
0.8764247298240662,0.7007043957710266,1.5771291255950928
0.014452255330979824,0.15748193860054016,0.17193418741226196
0.625048041343689,0.9012295007705688,1.5262775421142578
0.36750152707099915,0.8012980222702026,1.1687995195388794
0.7214189171791077,0.51046222448349,1.2318811416625977
0.25067391991615295,0.891278088092804,1.1419520378112793
0.7165876626968384,0.357168048620224,1.0737557411193848
0.972010612487793,0.69242262840271,1.664433240890503
0.6213709115982056,0.279856413602829,0.9012273550033569
0.2232227474451065,0.6675654053688049,0.8907881379127502
0.6005953550338745,0.40584060549736023,1.0064359903335571
0.8224189877510071,0.6778727769851685,1.5002918243408203
0.06337126344442368,0.6151952147483826,0.6785664558410645
0.08956822752952576,0.8030207753181458,0.8925889730453491
0.35689470171928406,0.40108320116996765,0.7579779028892517
0.559821367263794,0.8696085214614868,1.4294298887252808
0.29325762391090393,0.162141814827919,0.45539945363998413
0.11261674761772156,0.08656486123800278,0.19918161630630493
0.1284707486629486,0.5790143609046936,0.7074850797653198
0.44228482246398926,0.41466885805130005,0.8569536805152893
0.012559927999973297,0.19379568099975586,0.20635560154914856
0.5256071090698242,0.8349568843841553,1.3605639934539795
0.6185396909713745,0.30959615111351013,0.928135871887207
0.37613439559936523,0.7532652616500854,1.1293996572494507
0.4134399890899658,0.364409863948822,0.7778498530387878
0.9496089220046997,0.22372590005397797,1.1733348369598389
0.8880043625831604,0.08638431131839752,0.9743886590003967
0.8149164915084839,0.5794599056243896,1.3943763971328735
0.7905911803245544,0.08328253775835037,0.8738737106323242
0.9783579707145691,0.34269607067108154,1.3210539817810059
0.00340535887517035,0.6661201119422913,0.6695254445075989
0.4918757379055023,0.781599223613739,1.273474931716919
0.8053115010261536,0.45740142464637756,1.2627129554748535
0.3578450381755829,0.9786263108253479,1.3364713191986084
0.6481241583824158,0.6687081456184387,1.3168323040008545
0.9534527063369751,0.7718613743782043,1.7253141403198242
0.032925862818956375,0.8791915774345398,0.9121174216270447
0.4131211042404175,0.016234688460826874,0.42935580015182495
0.35094183683395386,0.19624857604503632,0.5471904277801514
0.1062777116894722,0.6292524337768555,0.7355301380157471
0.16529421508312225,0.6062090396881104,0.7715032696723938
0.9800841212272644,0.8387366533279419,1.8188207149505615
0.45113879442214966,0.14913299679756165,0.6002718210220337
0.2563476860523224,0.48018988966941833,0.7365375757217407
0.40809229016304016,0.8245973587036133,1.232689619064331
0.9129380583763123,0.7358152270317078,1.64875328540802
0.05632191151380539,0.7977249622344971,0.8540468811988831
0.8747977614402771,0.10654816776514053,0.9813459515571594
0.7002633213996887,0.06662990152835846,0.766893208026886
0.3015541434288025,0.13472270965576172,0.4362768530845642
0.7067878842353821,0.4094747006893158,1.1162625551223755
0.2884584665298462,0.07910993695259094,0.36756840348243713
0.28109118342399597,0.9514015913009644,1.2324928045272827
0.43004506826400757,0.2589554190635681,0.6890004873275757
0.6191073060035706,0.012165110558271408,0.6312724351882935
0.25593212246894836,0.9923920631408691,1.2483241558074951
0.019497498869895935,0.6121237277984619,0.631621241569519
0.987971305847168,0.7280610203742981,1.7160322666168213
0.8804040551185608,0.3534487783908844,1.2338528633117676
0.8445557355880737,0.45341572165489197,1.297971487045288
0.25224846601486206,0.6866429448127747,0.9388914108276367
0.9958368539810181,0.7459855675697327,1.7418224811553955
0.20542389154434204,0.22903026640415192,0.43445414304733276
0.5591596961021423,0.6098132729530334,1.1689729690551758
0.6340823769569397,0.25108280777931213,0.8851652145385742
0.22859449684619904,0.4169778823852539,0.6455723643302917
0.6049774289131165,0.17270313203334808,0.7776805758476257
0.18059183657169342,0.4347982406616211,0.6153900623321533
0.5940157771110535,0.9222081303596497,1.5162239074707031
0.930115282535553,0.579868495464325,1.509983777999878
0.4631337523460388,0.46028420329093933,0.9234179258346558
0.5000497698783875,0.613548755645752,1.1135985851287842
0.39188680052757263,0.579901933670044,0.971788763999939
0.4660198390483856,0.7090495228767395,1.1750693321228027
0.46917566657066345,0.27284473180770874,0.7420203685760498
0.6313113570213318,0.1447973996400833,0.7761087417602539
0.6685860753059387,0.440524697303772,1.1091108322143555
0.8753442764282227,0.7558151483535767,1.6311594247817993
0.6196504235267639,0.26520439982414246,0.884854793548584
0.41083255410194397,0.04956190288066864,0.4603944420814514
0.8717895150184631,0.4156472682952881,1.2874367237091064
0.608692467212677,0.9382268786430359,1.546919345855713
0.060410335659980774,0.9630444049835205,1.0234547853469849
0.9616823196411133,0.6125784516334534,1.5742607116699219
0.2040829062461853,0.2516847848892212,0.4557676911354065
0.9351736903190613,0.7535742521286011,1.6887478828430176
0.7240552306175232,0.7825347185134888,1.5065898895263672
0.2907334566116333,0.16764655709266663,0.4583800137042999
0.19099318981170654,0.4558277130126953,0.6468209028244019
0.066945381462574,0.795860230922699,0.8628056049346924
0.9970743060112,0.5758289694786072,1.5729032754898071
0.34530529379844666,0.4789276719093323,0.8242329359054565
0.31089693307876587,0.023104699328541756,0.3340016305446625
0.7857120037078857,0.14605820178985596,0.9317702054977417
0.6918112635612488,0.821522057056427,1.5133333206176758
0.015932247042655945,0.3927902579307556,0.40872251987457275
0.543555498123169,0.5101591348648071,1.053714632987976
0.39699190855026245,0.8952880501747131,1.2922799587249756
0.7341882586479187,0.7588565945625305,1.4930448532104492
0.41239967942237854,0.7619632482528687,1.1743628978729248
0.07817158102989197,0.23687899112701416,0.31505057215690613
0.02733331359922886,0.7337888479232788,0.7611221671104431
0.324472039937973,0.4243517518043518,0.7488237619400024
0.3311869204044342,0.37837114930152893,0.7095580697059631
0.6476524472236633,0.45145559310913086,1.0991079807281494
0.8578721880912781,0.11529473215341568,0.9731669425964355
0.1446235030889511,0.8713032007217407,1.015926718711853
0.9562494158744812,0.15943361818790436,1.1156830787658691
0.6980591416358948,0.6050234436988831,1.3030825853347778
0.5751526355743408,0.6987319588661194,1.2738845348358154
0.6427828073501587,0.6438809037208557,1.2866637706756592
0.9590121507644653,0.5414845943450928,1.500496745109558
0.43521469831466675,0.20074248313903809,0.6359571814537048
0.2798274755477905,0.03711888939142227,0.3169463574886322
0.7981364727020264,0.09044492244720459,0.888581395149231
0.31925904750823975,0.3161783516407013,0.6354373693466187
0.13337521255016327,0.6773501038551331,0.8107253313064575
0.9621499180793762,0.7929481863975525,1.7550981044769287
0.9314412474632263,0.312798410654068,1.2442396879196167
0.3915637731552124,0.7808622121810913,1.1724259853363037
0.3329137861728668,0.042026009410619736,0.37493979930877686
0.7954532504081726,0.44943714141845703,1.2448904514312744
0.24045974016189575,0.002291153883561492,0.24275089800357819
0.27923762798309326,0.9857683181762695,1.2650059461593628
0.26693496108055115,0.2954261302947998,0.5623611211776733
0.3994971811771393,0.577000617980957,0.9764977693557739
0.8139256834983826,0.8627691268920898,1.6766948699951172
0.005527578294277191,0.7180848121643066,0.723612368106842
0.5975426435470581,0.6982690095901489,1.295811653137207
0.17018736898899078,0.4378551244735718,0.6080424785614014
0.7409669160842896,0.5322938561439514,1.2732608318328857
0.8435807228088379,0.2689239978790283,1.1125047206878662
0.5752090215682983,0.31684547662734985,0.8920544981956482
0.9462733864784241,0.5682513117790222,1.5145246982574463
0.38587433099746704,0.3477335274219513,0.7336078882217407
0.6269198656082153,0.8098298907279968,1.4367496967315674
0.9790183901786804,0.10085096210241318,1.0798693895339966
0.8045456409454346,0.02752942405641079,0.8320750594139099
0.7986927628517151,0.9999967813491821,1.798689603805542
0.6169087290763855,0.8928520083427429,1.5097607374191284
0.2530364692211151,0.38250046968460083,0.6355369091033936
0.04954959824681282,0.9201211333274841,0.9696707129478455
0.9180527925491333,0.8689046502113342,1.7869575023651123
0.24965108931064606,0.97816401720047,1.2278151512145996
0.8711553812026978,0.9445038437843323,1.8156592845916748
0.9728049039840698,0.5937486886978149,1.5665535926818848
0.06014954298734665,0.7047832012176514,0.7649327516555786
0.901291012763977,0.12925967574119568,1.0305507183074951
0.9718012809753418,0.4553917646408081,1.42719304561615
0.5661976337432861,0.418206125497818,0.9844037294387817
0.1488899290561676,0.04195300117135048,0.19084292650222778
0.2545807957649231,0.9825247526168823,1.2371056079864502
0.5300805568695068,0.14836524426937103,0.6784458160400391
0.14570653438568115,0.1887703537940979,0.33447688817977905
0.5382344722747803,0.4830971360206604,1.021331548690796
0.44238945841789246,0.18373942375183105,0.6261289119720459
0.7810443639755249,0.031015075743198395,0.8120594620704651
0.5428243279457092,0.886113703250885,1.4289380311965942
0.34044480323791504,0.4931003451347351,0.8335451483726501
0.018891146406531334,0.6292052865028381,0.6480964422225952
0.8998141288757324,0.4593057334423065,1.3591198921203613
0.3026287853717804,0.3298839032649994,0.6325126886367798
0.813675582408905,0.14928902685642242,0.9629645943641663
0.04353265091776848,0.6264786124229431,0.6700112819671631
0.7512412071228027,0.5914796590805054,1.342720866203308
0.1071968674659729,0.3895113170146942,0.4967081844806671
0.9853410124778748,0.15480168163776398,1.1401426792144775
0.051921550184488297,0.7510626316070557,0.8029841780662537
0.233597993850708,0.13792072236537933,0.37151873111724854
0.8410894870758057,0.6804696321487427,1.5215591192245483
0.3736093044281006,0.5586279630661011,0.9322372674942017
0.8344765305519104,0.7932100892066956,1.627686619758606
0.09217428416013718,0.6113553047180176,0.7035295963287354
0.1182507872581482,0.3279327154159546,0.4461835026741028
0.6586377024650574,0.9514026045799255,1.610040307044983
0.8594324588775635,0.2738511562347412,1.1332836151123047
0.8029886484146118,0.5097052454948425,1.3126938343048096
0.7770131230354309,0.39075958728790283,1.1677727699279785
0.3752426207065582,0.9718678593635559,1.3471105098724365
0.9625798463821411,0.09233038127422333,1.0549101829528809
0.6660523414611816,0.514664351940155,1.1807167530059814
0.826339840888977,0.007708709686994553,0.8340485692024231
0.030752120539546013,0.5773460865020752,0.6080982089042664
0.8377364277839661,0.3331959843635559,1.170932412147522
0.6504538059234619,0.17510183155536652,0.8255556225776672
0.6993882656097412,0.5444342494010925,1.2438225746154785
0.8328313231468201,0.7589410543441772,1.5917723178863525
0.8650068640708923,0.5190364122390747,1.3840432167053223
0.6640561819076538,0.09544996917247772,0.7595061659812927
0.8255694508552551,0.8479686975479126,1.6735382080078125
0.8706013560295105,0.30498069524765015,1.1755820512771606
0.45108121633529663,0.807115912437439,1.2581970691680908
0.5377919673919678,0.06732485443353653,0.6051168441772461
0.08074759691953659,0.6786007285118103,0.7593483328819275
0.290977418422699,0.8248539566993713,1.1158313751220703
0.7097762227058411,0.706595778465271,1.4163720607757568
0.7125833630561829,0.6402868628501892,1.352870225906372
0.25275513529777527,0.20196335017681122,0.4547184705734253
0.9899430274963379,0.5274837613105774,1.5174267292022705
0.4135926067829132,0.5036014914512634,0.917194128036499
0.6527968049049377,0.4057748019695282,1.0585715770721436
0.5006991624832153,0.19704610109329224,0.6977452635765076
0.3760107755661011,0.8518850803375244,1.2278958559036255
0.303270548582077,0.800255298614502,1.1035258769989014
0.9992954730987549,0.49910157918930054,1.4983971118927002
0.14690865576267242,0.4341202974319458,0.581028938293457
0.31484463810920715,0.8633598685264587,1.1782045364379883
0.9288008809089661,0.34808439016342163,1.2768852710723877
0.22381989657878876,0.14226801693439484,0.3660879135131836
0.9159162044525146,0.418498694896698,1.3344149589538574
0.3430085778236389,0.06523508578538895,0.40824365615844727
0.21892595291137695,0.14667312800884247,0.3655990958213806
0.2448941320180893,0.06466235220432281,0.3095564842224121
0.24415485560894012,0.11941960453987122,0.36357444524765015
0.2983085513114929,0.8253675103187561,1.123676061630249
0.7018520832061768,0.8141376972198486,1.5159897804260254
0.8170821666717529,0.1762312948703766,0.9933134317398071
0.18307991325855255,0.9176456928253174,1.1007256507873535
0.26437923312187195,0.0848260372877121,0.34920525550842285
0.45899689197540283,0.9006247520446777,1.3596216440200806
0.4518311619758606,0.8259867429733276,1.277817964553833
0.8739843964576721,0.6885215640068054,1.5625059604644775
0.04829420521855354,0.9010463356971741,0.9493405222892761
0.6086390018463135,0.04685342311859131,0.6554924249649048
0.6526788473129272,0.08092659711837769,0.7336054444313049
0.4449397623538971,0.5149796605110168,0.9599194526672363
0.21919597685337067,0.3644995391368866,0.5836955308914185
0.5433222651481628,0.8540803790092468,1.3974026441574097
0.43362855911254883,0.07605457305908203,0.5096831321716309
0.8763998746871948,0.4349023997783661,1.3113023042678833
0.7103759050369263,0.20184467732906342,0.9122205972671509
0.8404767513275146,0.9497953057289124,1.7902719974517822
0.19305886328220367,0.9128084182739258,1.1058672666549683
0.9301866888999939,0.45501723885536194,1.3852039575576782
0.6843621134757996,0.7791175246238708,1.4634796380996704
0.8058371543884277,0.43575525283813477,1.2415924072265625
0.5897060632705688,0.4630030691623688,1.0527091026306152
0.6680476069450378,0.24159319698810577,0.9096407890319824
0.2963468134403229,0.43461236357688904,0.7309591770172119
0.7678902745246887,0.5234153270721436,1.2913055419921875
0.17309290170669556,0.24028423428535461,0.41337713599205017
0.8537231087684631,0.8694447875022888,1.723167896270752
0.8639127612113953,0.5126065611839294,1.3765193223953247
0.5834464430809021,0.5732361078262329,1.1566824913024902
0.8632739782333374,0.3856566846370697,1.2489306926727295
0.9942647218704224,0.5140191912651062,1.5082838535308838
0.5718709826469421,0.858062207698822,1.4299331903457642
0.5993707180023193,0.6105892062187195,1.2099599838256836
0.3491075932979584,0.1394556760787964,0.48856326937675476
0.15414221584796906,0.06494046747684479,0.21908268332481384
0.9242098331451416,0.8678469657897949,1.7920567989349365
0.01696285605430603,0.3141765892505646,0.3311394453048706
0.5401607751846313,0.1697492152452469,0.709909975528717
0.9850568175315857,0.36425331234931946,1.3493101596832275
0.0917513519525528,0.2787625193595886,0.3705138564109802
0.43300774693489075,0.6998931169509888,1.1329008340835571
0.538282573223114,0.8880048990249634,1.4262874126434326
0.7175422310829163,0.7636139392852783,1.4811561107635498
0.7201616168022156,0.3092685341835022,1.0294301509857178
0.7307919859886169,0.1321704089641571,0.8629623651504517
0.10698086768388748,0.042794741690158844,0.14977560937404633
0.7843392491340637,0.3478608727455139,1.1322001218795776
0.1532011479139328,0.5963432192802429,0.7495443820953369
0.3425796627998352,0.4998869299888611,0.8424665927886963
0.7008168697357178,0.9558505415916443,1.6566674709320068
0.01751471497118473,0.919729471206665,0.937244176864624
0.2591305673122406,0.46186012029647827,0.7209906578063965
0.050913672894239426,0.5855463743209839,0.6364600658416748
0.615446150302887,0.025057753548026085,0.6405038833618164
0.6630570292472839,0.10929683595895767,0.7723538875579834
0.7758471369743347,0.9177470803260803,1.693594217300415
0.5235302448272705,0.16923390328884125,0.692764163017273
0.5798799991607666,0.33567294478416443,0.9155529737472534
0.22080817818641663,0.678138792514801,0.89894700050354
0.5941049456596375,0.006917083170264959,0.6010220050811768
0.5011405944824219,0.06989485025405884,0.5710354447364807
0.04121449589729309,0.25427478551864624,0.29548928141593933
0.8022395968437195,0.8504271507263184,1.6526668071746826
0.05277053266763687,0.5688127279281616,0.6215832829475403
0.5735938549041748,0.9045925736427307,1.4781863689422607
0.8645157217979431,0.24618707597255707,1.1107027530670166
0.07622699439525604,0.8212071657180786,0.8974341750144958
0.4849511981010437,0.3490928113460541,0.8340439796447754
0.9261665344238281,0.8511327505111694,1.7772992849349976
0.15124216675758362,0.09909646213054657,0.250338613986969
0.4302735924720764,0.001700228312984109,0.43197381496429443
0.02843691222369671,0.03160293772816658,0.06003984808921814
0.26405787467956543,0.7551344633102417,1.0191923379898071
0.9370806813240051,0.7684321999549866,1.7055128812789917
0.7420451045036316,0.44064489006996155,1.1826900243759155
0.7339011430740356,0.5420747995376587,1.2759759426116943
0.04391338676214218,0.2127920240163803,0.2567054033279419
0.7939355373382568,0.9550727605819702,1.749008297920227
0.08903802186250687,0.5549141764640808,0.6439521908760071
0.42792659997940063,0.39217063784599304,0.8200972080230713
0.14098048210144043,0.9381656646728516,1.079146146774292
0.37468409538269043,0.26456621289253235,0.6392502784729004
0.94389408826828,0.8363581895828247,1.78025221824646
0.0033068216871470213,0.6475734114646912,0.6508802175521851
0.40289053320884705,0.6776142120361328,1.0805047750473022
0.7998622059822083,0.5401308536529541,1.3399930000305176
0.26044949889183044,0.013234280049800873,0.2736837863922119
0.7404874563217163,0.3418505787849426,1.0823380947113037
0.33738991618156433,0.39055100083351135,0.7279409170150757
0.032826632261276245,0.9129025340080261,0.94572913646698
0.6913607716560364,0.4620315432548523,1.1533923149108887
0.5628259181976318,0.16763336956501007,0.7304592728614807
0.21491862833499908,0.616101086139679,0.8310196995735168
0.5020366311073303,0.19516058266162872,0.6971971988677979
0.09780259430408478,0.4221896231174469,0.5199922323226929
0.4740273356437683,0.7196686267852783,1.1936960220336914
0.28602534532546997,0.06250420212745667,0.34852954745292664
0.013356160372495651,0.797328531742096,0.8106846809387207
0.2250249683856964,0.2654688060283661,0.4904937744140625
0.5005367994308472,0.012412527576088905,0.5129493474960327
0.9124649167060852,0.25082021951675415,1.1632851362228394
0.5279844999313354,0.23611409962177277,0.764098584651947
0.3389642536640167,0.9267702698707581,1.2657345533370972
0.45752793550491333,0.8297956585884094,1.2873235940933228
0.7846625447273254,0.24472303688526154,1.0293855667114258
0.9383811354637146,0.785178005695343,1.7235591411590576
0.24852977693080902,0.5677444338798523,0.8162742257118225
0.9386246204376221,0.5812901258468628,1.5199147462844849
0.3849601149559021,0.8057652711868286,1.190725326538086
0.10091529786586761,0.6140322089195251,0.714947521686554
0.10959021002054214,0.37748825550079346,0.487078458070755
0.7388572692871094,0.16344016790390015,0.9022974371910095
0.14609985053539276,0.6596043705940247,0.8057042360305786
0.8146172165870667,0.14048361778259277,0.9551008343696594
0.19257323443889618,0.1897929459810257,0.3823661804199219
0.011776892468333244,0.672480046749115,0.684256911277771
0.324423611164093,0.008651996031403542,0.333075612783432
0.44965222477912903,0.06627120822668076,0.5159234404563904
0.8524851202964783,0.10690011829137802,0.9593852162361145
0.43661805987358093,0.12894706428050995,0.5655651092529297
0.4525550305843353,0.36462295055389404,0.8171780109405518
0.6961353421211243,0.7692111134529114,1.4653464555740356
0.6145748496055603,0.7730837464332581,1.3876585960388184
0.9381726980209351,0.7076708078384399,1.645843505859375
0.09220331907272339,0.5599755048751831,0.6521788239479065
0.8617802858352661,0.05552459880709648,0.9173048734664917
0.6240794062614441,0.22682403028011322,0.8509034514427185
0.41917896270751953,0.8841870427131653,1.30336594581604
0.998401939868927,0.03921718895435333,1.0376191139221191
0.0903497189283371,0.43894508481025696,0.5292947888374329
0.19896453619003296,0.993333637714386,1.192298173904419
0.6548824310302734,0.9715508222579956,1.626433253288269
0.42009496688842773,0.6886722445487976,1.1087672710418701
0.5609289407730103,0.01692068763077259,0.5778496265411377
0.6657066941261292,0.8909667134284973,1.5566734075546265
0.9689674973487854,0.04163472726941109,1.0106022357940674
0.6941782236099243,0.25388580560684204,0.9480640292167664
0.8188089728355408,0.23524656891822815,1.0540555715560913
0.42415890097618103,0.7403485774993896,1.164507508277893
0.8873633742332458,0.2786525785923004,1.1660159826278687
0.9979456067085266,0.8230594992637634,1.82100510597229
0.6114932894706726,0.9792518019676208,1.5907450914382935
0.3221686780452728,0.2664657235145569,0.5886343717575073
0.2201797366142273,0.5813077688217163,0.8014875054359436
0.08842221647500992,0.5325207710266113,0.620943009853363
0.03446754813194275,0.3503977060317993,0.38486525416374207
0.21936336159706116,0.6691404581069946,0.8885037899017334
0.49334049224853516,0.9614841341972351,1.454824686050415
0.3250260651111603,0.23075002431869507,0.5557761192321777
0.7731091380119324,0.18891431391239166,0.9620234370231628
0.7493002414703369,0.22394751012325287,0.973247766494751
0.5353259444236755,0.5684139728546143,1.1037399768829346
0.36110153794288635,0.6548323035240173,1.015933871269226
0.8169834613800049,0.03808324411511421,0.85506671667099
0.7807905673980713,0.41936156153678894,1.2001521587371826
0.39562657475471497,0.9577906727790833,1.3534172773361206
0.9941825270652771,0.9816765785217285,1.9758591651916504
0.3651474416255951,0.9053129553794861,1.2704603672027588
0.9897478818893433,0.6384113430976868,1.6281592845916748
0.8371290564537048,0.32442477345466614,1.1615538597106934
0.082740418612957,0.7662647366523743,0.8490051627159119
0.49939167499542236,0.08076120913028717,0.5801528692245483
0.2465069442987442,0.09578996151685715,0.34229689836502075
0.294460266828537,0.5341224074363708,0.8285826444625854
0.014567228965461254,0.5839396119117737,0.5985068678855896
0.31090694665908813,0.3849731981754303,0.6958801746368408
0.8318367600440979,0.10502739995718002,0.9368641376495361
0.964175820350647,0.26903006434440613,1.2332059144973755
0.4033021628856659,0.7638505101203918,1.1671526432037354
0.7854517698287964,0.5113791227340698,1.2968308925628662
0.45889440178871155,0.5576869249343872,1.0165812969207764
0.5352978110313416,0.41330206394195557,0.9485998749732971
0.6973694562911987,0.7414275407791138,1.4387969970703125
0.6857883334159851,0.1114809438586235,0.7972692847251892
0.7890401482582092,0.6004160642623901,1.3894562721252441
0.883447527885437,0.17885878682136536,1.06230628490448
0.6600309610366821,0.2821562886238098,0.9421872496604919
0.017847474664449692,0.5091388821601868,0.5269863605499268
0.06750839948654175,0.47322309017181396,0.5407314896583557
0.6994955539703369,0.19364961981773376,0.8931452035903931
0.8687017560005188,0.17052747309207916,1.0392292737960815
0.09261661767959595,0.5034813284873962,0.5960979461669922
0.9103049039840698,0.5364877581596375,1.4467926025390625
0.17712417244911194,0.2631724178791046,0.44029659032821655
0.6926217079162598,0.8403474688529968,1.5329692363739014
0.687202513217926,0.5737304091453552,1.2609329223632812
0.5899022817611694,0.5911028385162354,1.1810051202774048
0.9555937647819519,0.6087731122970581,1.5643668174743652
0.6977428197860718,0.21413448452949524,0.9118772745132446
0.569200336933136,0.0405612476170063,0.6097615957260132
0.053549520671367645,0.6528666019439697,0.706416130065918
0.4891425669193268,0.2644262909889221,0.7535688877105713
0.3048892915248871,0.6961444020271301,1.0010336637496948
0.35965391993522644,0.30861470103263855,0.668268620967865
0.759145200252533,0.1438635289669037,0.9030086994171143
0.5750222206115723,0.7286022305488586,1.3036243915557861
0.5560595393180847,0.8850359320640564,1.4410954713821411
0.7803083062171936,0.8746322989463806,1.6549406051635742
0.6341915130615234,0.29693979024887085,0.9311313033103943
0.028489911928772926,0.7031014561653137,0.7315913438796997
0.8267652988433838,0.6115283966064453,1.438293695449829
0.3789602518081665,0.5486068725585938,0.9275671243667603
0.6370471715927124,0.06970146298408508,0.7067486047744751
0.502737283706665,0.7194371223449707,1.2221744060516357
0.2986448109149933,0.8826040029525757,1.1812487840652466
0.7599472403526306,0.13011181354522705,0.8900590538978577
0.9450241923332214,0.3359675109386444,1.2809916734695435
0.933228075504303,0.48591089248657227,1.4191389083862305
0.7734223008155823,0.22563442587852478,0.9990566968917847
0.16883422434329987,0.2515012323856354,0.42033547163009644
0.7599298357963562,0.24925507605075836,1.0091849565505981
0.7702171802520752,0.8327509760856628,1.6029682159423828
0.6340028643608093,0.24459388852119446,0.8785967826843262
0.41047796607017517,0.06063560023903847,0.47111356258392334
0.11767533421516418,0.7430460453033447,0.8607213497161865
0.7879092693328857,0.3218209743499756,1.1097302436828613
0.1456492692232132,0.7721439599990845,0.9177932143211365
0.3227800130844116,0.6910114884376526,1.013791561126709
0.40873152017593384,0.2685468792915344,0.6772783994674683
0.6095023155212402,0.7714208960533142,1.3809232711791992
0.12089654058218002,0.757373571395874,0.8782700896263123
0.9836841225624084,0.9240054488182068,1.9076895713806152
0.12829263508319855,0.06165221706032753,0.18994484841823578
0.7925319075584412,0.8735588192939758,1.666090726852417
0.17926733195781708,0.6602596044540405,0.8395269513130188
0.661038339138031,0.5521402955055237,1.2131786346435547
0.7067461013793945,0.6143006682395935,1.3210468292236328
0.17538580298423767,0.7109599709510803,0.8863457441329956
0.23527318239212036,0.7887892723083496,1.0240623950958252
0.6154274940490723,0.5613697171211243,1.1767971515655518
0.45599108934402466,0.15688841044902802,0.6128795146942139
0.804276168346405,0.7585727572441101,1.5628489255905151
0.9089123010635376,0.41176125407218933,1.3206735849380493
0.39738383889198303,0.42610660195350647,0.8234904408454895
0.9030188918113708,0.520986795425415,1.4240057468414307
0.2147558182477951,0.5797827243804932,0.7945385575294495
0.2792956829071045,0.6519956588745117,0.9312913417816162
0.16330204904079437,0.7548704147338867,0.9181724786758423
0.6055343747138977,0.9368191361427307,1.5423535108566284
0.4306509494781494,0.2924449145793915,0.7230958938598633
0.46818220615386963,0.3217717409133911,0.7899539470672607
0.21665450930595398,0.16943185031414032,0.3860863447189331
0.35330119729042053,0.03546983003616333,0.38877102732658386
0.2782396674156189,0.5694128274917603,0.8476524949073792
0.08048606663942337,0.9446007609367371,1.0250868797302246
0.06212061271071434,0.792807936668396,0.8549285531044006
0.8475359082221985,0.8962226510047913,1.7437585592269897
0.9984143972396851,0.10099735110998154,1.0994117259979248
0.2401978075504303,0.5113443732261658,0.7515422105789185
0.9970165491104126,0.09765318036079407,1.0946696996688843
0.8520932793617249,0.7321035861968994,1.5841968059539795
0.2019762098789215,0.5586613416671753,0.7606375217437744
0.47032299637794495,0.31995946168899536,0.7902824878692627
0.806291937828064,0.9074831008911133,1.7137750387191772
0.6867687702178955,0.7128633260726929,1.3996320962905884
0.05531040579080582,0.33106279373168945,0.3863731920719147
0.7465057373046875,0.40025705099105835,1.1467628479003906
0.8518190979957581,0.5607832670211792,1.412602424621582
0.2504494786262512,0.026540769264101982,0.27699023485183716
0.09723301231861115,0.879765510559082,0.976998507976532
0.7091787457466125,0.3582310378551483,1.0674097537994385
0.8683715462684631,0.9536839723587036,1.8220555782318115
0.9818878173828125,0.8317996859550476,1.8136875629425049
0.6374350786209106,0.8349083065986633,1.4723434448242188
0.6759844422340393,0.023577874526381493,0.6995623111724854
0.7558492422103882,0.43535149097442627,1.1912007331848145
0.4027126729488373,0.7633661031723022,1.166078805923462
0.18340922892093658,0.5609918832778931,0.7444010972976685
0.3630300760269165,0.8994647264480591,1.2624948024749756
0.5622245073318481,0.8937099575996399,1.4559345245361328
0.45049214363098145,0.7286440134048462,1.1791361570358276
0.5428638458251953,0.9094885587692261,1.4523524045944214
0.2309035062789917,0.18223285675048828,0.41313636302948
0.6809131503105164,0.7891527414321899,1.4700658321380615
0.3581651449203491,0.5262149572372437,0.8843801021575928
0.6809749603271484,0.18886235356330872,0.8698372840881348
0.7392901182174683,0.7516971230506897,1.4909873008728027
0.8685724139213562,0.04318324476480484,0.9117556810379028
0.06197644770145416,0.9478230476379395,1.0097994804382324
0.7593196034431458,0.3551148474216461,1.1144344806671143
0.6934503316879272,0.4979487955570221,1.191399097442627
0.07396890968084335,0.802324116230011,0.8762930035591125
0.1269717812538147,0.2501874566078186,0.3771592378616333
0.4482210874557495,0.11583774536848068,0.5640588402748108
0.8484315276145935,0.6770728230476379,1.5255043506622314
0.7465900778770447,0.46279171109199524,1.2093818187713623
0.9633605480194092,0.894523561000824,1.857884168624878
0.20628327131271362,0.4511553645133972,0.6574386358261108
0.3222735822200775,0.1313779056072235,0.453651487827301
0.12830403447151184,0.9730070233345032,1.1013110876083374
0.1498023420572281,0.7097600102424622,0.859562337398529
0.45292675495147705,0.41849011182785034,0.8714168667793274
0.6971955895423889,0.2870604991912842,0.9842560887336731
0.22413714230060577,0.4815356731414795,0.7056728005409241
0.9338595271110535,0.9834543466567993,1.917313814163208
0.8031960725784302,0.9516568183898926,1.7548528909683228
0.40625396370887756,0.2470887303352356,0.6533427238464355
0.5051504373550415,0.6251215934753418,1.1302720308303833
0.43525445461273193,0.3299483060836792,0.7652027606964111
0.6649673581123352,0.19785313308238983,0.8628205060958862
0.769063413143158,0.6844652891159058,1.453528642654419
0.3166022300720215,0.029473690316081047,0.3460759222507477
0.30200159549713135,0.5459410548210144,0.8479426503181458
0.32175421714782715,0.31180939078330994,0.6335636377334595
0.6391236782073975,0.6643967628479004,1.3035204410552979
0.6897902488708496,0.9889119863510132,1.6787022352218628
0.17365270853042603,0.23051132261753082,0.40416401624679565
0.9087490439414978,0.7732294797897339,1.681978464126587
0.47436097264289856,0.9075431823730469,1.381904125213623
0.9635923504829407,0.9020684361457825,1.8656607866287231
0.6951866745948792,0.33204779028892517,1.027234435081482
0.4939349293708801,0.5802951455116272,1.0742300748825073
0.13077259063720703,0.5662790536880493,0.6970516443252563
0.0136210722848773,0.03589349240064621,0.049514565616846085
0.37458160519599915,0.3658016324043274,0.7403832674026489
0.22807103395462036,0.4892580509185791,0.7173290848731995
0.9919508099555969,0.26323696970939636,1.255187749862671
0.23508629202842712,0.03207783028483391,0.26716411113739014
0.7403279542922974,0.6432642936706543,1.3835922479629517
0.23999963700771332,0.78401780128479,1.0240174531936646
0.7154774069786072,0.5879154801368713,1.3033928871154785
0.1890375018119812,0.3948673903942108,0.5839048624038696
0.005259161815047264,0.2013118714094162,0.20657102763652802
0.053148724138736725,0.2686389684677124,0.32178768515586853
0.7653014659881592,0.943332850933075,1.708634376525879
0.7273218035697937,0.3853568732738495,1.1126786470413208
0.8130203485488892,0.6386683583259583,1.4516887664794922
0.4610288739204407,0.0792330652475357,0.5402619242668152
0.6852092742919922,0.9570581912994385,1.6422674655914307
0.9764037728309631,0.500723123550415,1.4771268367767334
0.22294113039970398,0.22071942687034607,0.44366055727005005
0.023635325953364372,0.37595388293266296,0.3995892107486725
0.3541032671928406,0.5696492791175842,0.9237525463104248
0.8320007920265198,0.21117602288722992,1.0431767702102661
0.6063278913497925,0.25134122371673584,0.8576691150665283
0.9979490637779236,0.03278298303484917,1.0307320356369019
0.12658283114433289,0.13761700689792633,0.2641998529434204
0.1663380265235901,0.586854875087738,0.7531929016113281
0.10167460143566132,0.10596178472042084,0.20763638615608215
0.5212657451629639,0.5653670430183411,1.0866327285766602
0.7975843548774719,0.7882964015007019,1.5858807563781738
0.8039844632148743,0.5748687386512756,1.37885320186615
0.47930803894996643,0.2678041458129883,0.7471121549606323
0.8725743889808655,0.37928226590156555,1.2518566846847534
0.610100507736206,0.5640842318534851,1.174184799194336
0.5846629738807678,0.9722557663917542,1.556918740272522
0.6164257526397705,0.9386873841285706,1.5551130771636963
0.08849756419658661,0.09465143084526062,0.18314899504184723
0.2001912146806717,0.9629796743392944,1.1631709337234497
0.616412878036499,0.7540775537490845,1.3704904317855835
0.885521650314331,0.23185627162456512,1.1173778772354126
0.01490240078419447,0.6311969757080078,0.6460993885993958
0.6346787214279175,0.44327375292778015,1.07795250415802
0.25101399421691895,0.7480102777481079,0.9990242719650269
0.6900631189346313,0.6444818377494812,1.3345448970794678
0.40809932351112366,0.8875858187675476,1.2956851720809937
0.3313806354999542,0.4398154616355896,0.7711961269378662
0.09266498684883118,0.6312949061393738,0.7239599227905273
0.1428145319223404,0.6933367252349854,0.8361512422561646
0.004832780454307795,0.4357900023460388,0.4406227767467499
0.1376253217458725,0.43241432309150696,0.5700396299362183
0.3510834872722626,0.47790151834487915,0.8289849758148193
0.6585078239440918,0.9105492830276489,1.5690571069717407
0.42536747455596924,0.6767931580543518,1.1021606922149658
0.36777347326278687,0.21027015149593353,0.5780436396598816
0.026375502347946167,0.348937451839447,0.3753129541873932
0.26029786467552185,0.027509966865181923,0.287807822227478
0.19306780397891998,0.14752306044101715,0.34059086441993713
0.9182496666908264,0.14992105960845947,1.0681707859039307
0.9906077980995178,0.8711510896682739,1.8617589473724365
0.7244446277618408,0.8945421576499939,1.6189868450164795
0.6256929039955139,0.6162505149841309,1.241943359375
0.21768590807914734,0.7393826246261597,0.9570685625076294
0.5761517882347107,0.3256489336490631,0.9018007516860962
0.5424624085426331,0.5169486999511719,1.0594110488891602
0.979528546333313,0.5250303149223328,1.504558801651001
0.06500333547592163,0.0645720362663269,0.12957537174224854
0.8896818161010742,0.5065102577209473,1.3961920738220215
0.3825777471065521,0.21486012637615204,0.597437858581543
0.5626306533813477,0.548801839351654,1.1114325523376465
0.8346695303916931,0.27818724513053894,1.1128567457199097
0.27375492453575134,0.3460421860218048,0.6197971105575562
0.3052600026130676,0.48501548171043396,0.7902754545211792
0.3549506664276123,0.7457669973373413,1.1007176637649536
0.2748960852622986,0.663543164730072,0.9384392499923706
0.39320826530456543,0.4019779860973358,0.7951862812042236
0.7421867847442627,0.7470524907112122,1.48923921585083
0.8564300537109375,0.8785082101821899,1.7349382638931274
0.1464080512523651,0.4396289885044098,0.5860370397567749
0.027349380776286125,0.7854713201522827,0.8128206729888916
0.16669054329395294,0.03021063655614853,0.19690117239952087
0.40571752190589905,0.4285184144973755,0.8342359066009521
0.7437688708305359,0.5806155204772949,1.3243844509124756
0.8111335635185242,0.9404119849205017,1.7515455484390259
0.022194037213921547,0.5496823191642761,0.5718763470649719
0.3670772314071655,0.9157230854034424,1.282800316810608
0.9437564015388489,0.06176990643143654,1.0055263042449951
0.0676741823554039,0.7197801470756531,0.7874543070793152
0.3452909588813782,0.9601117372512817,1.3054027557373047
0.25143200159072876,0.02363227866590023,0.27506428956985474
0.18435454368591309,0.001783701591193676,0.18613824248313904
0.19681291282176971,0.15438616275787354,0.35119909048080444
0.8599022626876831,0.5519875288009644,1.4118897914886475
0.12112855166196823,0.15126977860927582,0.27239832282066345
0.6680094003677368,0.20732147991657257,0.8753308653831482
0.7806944847106934,0.45288774371147156,1.2335822582244873
0.6995875239372253,0.9749150276184082,1.6745026111602783
0.651678204536438,0.5165722370147705,1.1682504415512085
0.2923324406147003,0.5227223038673401,0.8150547742843628
0.657054603099823,0.9413114190101624,1.5983660221099854
0.3410102128982544,0.04637661203742027,0.38738682866096497
0.6886159181594849,0.2796606123447418,0.9682765007019043
0.1301044076681137,0.909491777420044,1.0395961999893188
0.05800243094563484,0.4605916738510132,0.5185940861701965
0.47043344378471375,0.14418162405490875,0.6146150827407837
0.53053218126297,0.9527586698532104,1.4832909107208252
0.9227955937385559,0.837192714214325,1.7599883079528809
0.15323865413665771,0.2971855103969574,0.4504241645336151
0.985098659992218,0.9418115019798279,1.926910161972046
0.7809669375419617,0.8181139826774597,1.5990809202194214
0.6102296113967896,0.8647981882095337,1.4750277996063232
0.12760375440120697,0.045784831047058105,0.17338858544826508
0.6076586246490479,0.9964911341667175,1.6041498184204102
0.3387755751609802,0.4901995360851288,0.8289750814437866
0.6646425127983093,0.2110964059829712,0.8757389187812805
0.49294641613960266,0.24148647487163544,0.7344328761100769
0.4641495645046234,0.9645945429801941,1.4287440776824951
0.5275930762290955,0.3037966191768646,0.8313896656036377
0.5815815329551697,0.31133222579956055,0.8929137587547302
0.859917402267456,0.5733009576797485,1.4332183599472046
0.6388713121414185,0.7716169357299805,1.410488247871399
0.6734069585800171,0.19510415196418762,0.8685110807418823
0.07711844146251678,0.21690532565116882,0.2940237522125244
0.4628911316394806,0.9466952085494995,1.4095863103866577
0.6287372708320618,0.12869997322559357,0.7574372291564941
0.6005477905273438,0.43341177701950073,1.0339596271514893
0.8904217481613159,0.16840556263923645,1.05882728099823
0.9513288736343384,0.8965082764625549,1.847837209701538
0.6279698610305786,0.579845666885376,1.2078155279159546
0.6358883380889893,0.2832735776901245,0.9191619157791138
0.7522175908088684,0.8658934235572815,1.61811101436615
0.08450376987457275,0.5945290923118591,0.6790328621864319
0.43057236075401306,0.37529438734054565,0.8058667182922363
0.2298242747783661,0.9701235890388489,1.1999478340148926
0.398680180311203,0.40281999111175537,0.8015002012252808
0.2806828022003174,0.004885436967015266,0.2855682373046875
0.9802072644233704,0.10856957733631134,1.0887768268585205
0.5701419711112976,0.7535545825958252,1.3236966133117676
0.3699524700641632,0.1278223991394043,0.4977748692035675
0.10467704385519028,0.011003534309566021,0.11568057537078857
0.31529369950294495,0.5873944759368896,0.9026881456375122
0.4215506911277771,0.6212288737297058,1.042779564857483
0.1934337168931961,0.8926237225532532,1.086057424545288
0.5715922713279724,0.4957573413848877,1.0673496723175049
0.6387245059013367,0.6887038946151733,1.3274283409118652
0.42122316360473633,0.14450612664222717,0.5657292604446411
0.8687613010406494,0.7872945070266724,1.6560558080673218
0.640201985836029,0.055055562406778336,0.6952575445175171
0.8622030019760132,0.48225629329681396,1.3444592952728271
0.3637567162513733,0.4385128617286682,0.8022695779800415
0.08900686353445053,0.7398151159286499,0.8288219571113586
0.5842905044555664,0.22189290821552277,0.806183397769928
0.19557401537895203,0.8647619485855103,1.0603359937667847
0.8750544786453247,0.22393834590911865,1.0989928245544434
0.8111417293548584,0.09407327324151993,0.9052150249481201
0.17637716233730316,0.6616321802139282,0.8380093574523926
0.3285386264324188,0.3505258560180664,0.6790645122528076
0.6967132687568665,0.23018556833267212,0.9268988370895386
0.5438107848167419,0.6186221837997437,1.1624329090118408
0.10937909036874771,0.8886241912841797,0.9980033040046692
0.2681466341018677,0.5783190131187439,0.8464656472206116
0.03534061834216118,0.9560909867286682,0.9914315938949585
0.6413710713386536,0.817351222038269,1.4587223529815674
0.14719460904598236,0.7550283074378967,0.9022229313850403
0.6730583310127258,0.9823464155197144,1.655404806137085
0.6053130030632019,0.0844956785440445,0.6898086667060852
0.024378258734941483,0.3048594295978546,0.329237699508667
0.4612519443035126,0.5177372097969055,0.9789891242980957
0.8456916213035583,0.5707764625549316,1.4164681434631348
0.40037474036216736,0.5914668440818787,0.9918415546417236
0.27860593795776367,0.3945624828338623,0.673168420791626
0.07270577549934387,0.03844711557030678,0.11115288734436035
0.27424582839012146,0.24208278954029083,0.5163286328315735
0.489321768283844,0.2765977680683136,0.76591956615448
0.810295820236206,0.46498948335647583,1.275285243988037
0.7006708383560181,0.2779160439968109,0.9785869121551514
0.14275585114955902,0.44410261511802673,0.5868584513664246
0.019158754497766495,0.6966249942779541,0.7157837748527527
0.38004621863365173,0.1992892324924469,0.5793354511260986
0.021512802690267563,0.5178728103637695,0.5393856167793274
0.11751041561365128,0.018177317455410957,0.13568773865699768
0.9618499875068665,0.3699169158935547,1.3317668437957764
0.3856753408908844,0.903171956539154,1.2888473272323608
0.6519200801849365,0.5991357564926147,1.2510558366775513
0.6394916772842407,0.4664987623691559,1.1059904098510742
0.6944380402565002,0.6903061270713806,1.3847441673278809
0.03338035196065903,0.6839282512664795,0.7173085808753967
0.18941378593444824,0.6497398018836975,0.8391535878181458
0.044474825263023376,0.2519042491912842,0.29637908935546875
0.10956446081399918,0.2827637195587158,0.3923281729221344
0.7830637097358704,0.295966237783432,1.07902991771698
0.646069347858429,0.6109768748283386,1.2570462226867676
0.5002015829086304,0.7917466759681702,1.2919483184814453
0.01597391627728939,0.1209520548582077,0.13692596554756165
0.16494427621364594,0.6671409010887146,0.8320851922035217
0.03702733665704727,0.8839361071586609,0.92096346616745
0.9034297466278076,0.8212559223175049,1.7246856689453125
0.2693490982055664,0.8786013722419739,1.1479504108428955
0.8863463997840881,0.08710050582885742,0.9734469056129456
0.9147589206695557,0.6500000953674316,1.5647590160369873
0.808038055896759,0.41365885734558105,1.2216968536376953
0.5528417229652405,0.8973914384841919,1.4502332210540771
0.01469689141958952,0.2829718589782715,0.2976687550544739
0.9712026715278625,0.5912219882011414,1.562424659729004
0.9946545362472534,0.3960106074810028,1.3906651735305786
0.01102081686258316,0.18768775463104248,0.19870856404304504
0.25634223222732544,0.5695804953575134,0.8259227275848389
0.012317158281803131,0.409878134727478,0.42219528555870056
0.7822369337081909,0.04988277330994606,0.8321197032928467
0.09574522823095322,0.2302583009004593,0.3260035216808319
0.7515422105789185,0.45102107524871826,1.2025632858276367
0.25348469614982605,0.9837822914123535,1.237267017364502
0.2541332244873047,0.504348635673523,0.7584818601608276
0.38789698481559753,0.985927402973175,1.3738243579864502
0.2819392681121826,0.46946027874946594,0.7513995170593262
0.19183239340782166,0.1644250601530075,0.35625743865966797
0.4529574513435364,0.10600381344556808,0.5589612722396851
0.8792007565498352,0.4433789551258087,1.3225797414779663
0.7149550318717957,0.5708268880844116,1.2857818603515625
0.7015995979309082,0.8505271077156067,1.5521266460418701
0.7286314368247986,0.13477733731269836,0.8634088039398193
0.6684228181838989,0.9108231067657471,1.579245924949646
0.5461081862449646,0.29302170872688293,0.8391299247741699
0.08335115760564804,0.17857781052589417,0.2619289755821228
0.6350597143173218,0.5320858359336853,1.1671454906463623
0.31599316000938416,0.7140946984291077,1.0300878286361694
0.4544409215450287,0.5931181311607361,1.0475590229034424
0.33130839467048645,0.35699528455734253,0.6883037090301514
0.9706474542617798,0.5683749914169312,1.539022445678711
0.24067766964435577,0.032285697758197784,0.27296337485313416
0.2884310781955719,0.8127089738845825,1.101140022277832
0.02079448662698269,0.6812676787376404,0.70206218957901
0.8177092671394348,0.560583770275116,1.3782930374145508
0.05408920720219612,0.6306668519973755,0.6847560405731201
0.8512617945671082,0.0984581857919693,0.9497199654579163
0.4007161855697632,0.4221164286136627,0.8228325843811035
0.975842297077179,0.6270408034324646,1.6028831005096436
0.18579819798469543,0.8533735871315002,1.039171814918518
0.9518001675605774,0.7529569268226624,1.7047570943832397
0.41562992334365845,0.2921651005744934,0.7077950239181519
0.014999235048890114,0.7512683272361755,0.7662675380706787
0.945300817489624,0.9846537113189697,1.9299545288085938
0.12833626568317413,0.05549805238842964,0.18383431434631348
0.10454985499382019,0.1530197411775589,0.2575696110725403
0.891349196434021,0.5600204467773438,1.4513696432113647
0.06577277183532715,0.7068907618522644,0.7726635336875916
0.5478103160858154,0.8876766562461853,1.4354870319366455
0.25801607966423035,0.3670409321784973,0.6250569820404053
0.07051810622215271,0.4865191578865051,0.5570372343063354
0.1406414955854416,0.4203851521015167,0.5610266327857971
0.4278720021247864,0.2349867820739746,0.662858784198761
0.9748419523239136,0.7537080645561218,1.7285499572753906
0.5195397734642029,0.4990270137786865,1.0185668468475342
0.20629073679447174,0.690581738948822,0.8968724608421326
0.3833189606666565,0.7472521066665649,1.1305711269378662
0.7481343746185303,0.8888801336288452,1.6370145082473755
0.621563732624054,0.0813344195485115,0.7028981447219849
0.39168646931648254,0.9937617182731628,1.3854482173919678
0.23988975584506989,0.6823723316192627,0.9222620725631714
0.7059631943702698,0.7573350667953491,1.4632983207702637
0.5756086111068726,0.16923466324806213,0.7448432445526123
0.5148817896842957,0.4736655354499817,0.9885473251342773
0.8128288984298706,0.826418936252594,1.6392478942871094
0.29595285654067993,0.5816578269004822,0.8776106834411621
0.02910051867365837,0.5533753037452698,0.5824758410453796
0.21551133692264557,0.7820093035697937,0.9975206255912781
0.312907874584198,0.9024221301078796,1.2153300046920776
0.16852831840515137,0.3347221612930298,0.5032504796981812
0.28104129433631897,0.41015106439590454,0.6911923885345459
0.9146319031715393,0.9388253092765808,1.8534572124481201
0.9934867024421692,0.8009123802185059,1.7943990230560303
0.6115484833717346,0.5313186645507812,1.142867088317871
0.5247539281845093,0.6469132900238037,1.171667218208313
0.8127412796020508,0.7258479595184326,1.5385892391204834
0.025892851874232292,0.37468552589416504,0.4005783796310425
0.8582261800765991,0.49915486574172974,1.3573811054229736
0.8402024507522583,0.3531476855278015,1.193350076675415
0.7588322162628174,0.2004961520433426,0.9593283534049988
0.48098480701446533,0.11660344153642654,0.5975882411003113
0.5786383152008057,0.6071544289588928,1.1857926845550537
0.31046903133392334,0.43390923738479614,0.7443782687187195
0.9135957956314087,0.1252729892730713,1.03886878490448
0.49521344900131226,0.599998950958252,1.095212459564209
0.8577930927276611,0.7423757910728455,1.6001689434051514
0.26738622784614563,0.5385937690734863,0.8059799671173096
0.10118982940912247,0.48645031452178955,0.5876401662826538
0.6757025718688965,0.5962927341461182,1.2719953060150146
0.4285244345664978,0.8870220184326172,1.3155465126037598
0.17062756419181824,0.392323762178421,0.5629513263702393
0.8468470573425293,0.26573559641838074,1.1125826835632324
0.6807082295417786,0.37132373452186584,1.0520319938659668
0.9443873167037964,0.8402391672134399,1.7846264839172363
0.22407598793506622,0.36043575406074524,0.5845117568969727
0.9617702960968018,0.08547766506671906,1.0472480058670044
0.49539390206336975,0.28585702180862427,0.7812509536743164
0.41055890917778015,0.23274442553520203,0.6433033347129822
0.7076549530029297,0.016632961109280586,0.7242879271507263
0.31232500076293945,0.7256293296813965,1.037954330444336
0.15097327530384064,0.13279898464679718,0.2837722599506378
0.5632887482643127,0.5972676277160645,1.1605563163757324
0.5423391461372375,0.7638692259788513,1.3062083721160889
0.20394201576709747,0.6818193197250366,0.8857613205909729
0.7192520499229431,0.06211413815617561,0.7813661694526672
0.9371684193611145,0.5998210310935974,1.536989450454712
0.35173413157463074,0.9765744805335999,1.3283085823059082
0.010977225378155708,0.8255767226219177,0.8365539312362671
0.30901992321014404,0.3941623270511627,0.7031822204589844
0.52751225233078,0.12551338970661163,0.6530256271362305
0.29135847091674805,0.2093978077173233,0.5007562637329102
0.6953454613685608,0.7598038911819458,1.4551494121551514
0.6300439238548279,0.7094363570213318,1.3394802808761597
0.40522176027297974,0.39938801527023315,0.8046097755432129
0.709327757358551,0.6543390154838562,1.3636667728424072
0.5631920695304871,0.6485069394111633,1.2116990089416504
0.03259894251823425,0.5383471250534058,0.5709460973739624
0.44060713052749634,0.21935872733592987,0.6599658727645874
0.8798142671585083,0.06789153069257736,0.9477058053016663
0.2551778256893158,0.8515838980674744,1.1067616939544678
0.5694117546081543,0.9213998913764954,1.4908115863800049
0.09260722994804382,0.8869813084602356,0.979588508605957
0.959364116191864,0.888446033000946,1.84781014919281
0.6931955814361572,0.34018468856811523,1.0333802700042725
0.39537617564201355,0.9034522771835327,1.2988284826278687
0.5548445582389832,0.20348547399044037,0.7583300471305847
0.9827246069908142,0.4867095649242401,1.469434142112732
0.15895907580852509,0.10654879361391068,0.26550787687301636
0.6876932382583618,0.9962711334228516,1.6839643716812134
0.6131772398948669,0.033754196017980576,0.6469314098358154
0.5385834574699402,0.37579190731048584,0.914375364780426
0.5901814699172974,0.12009862065315247,0.7102800607681274
0.9924323558807373,0.6065242290496826,1.59895658493042
0.9571437835693359,0.2462913990020752,1.2034351825714111
0.7270516157150269,0.22863073647022247,0.9556823372840881
0.6828345060348511,0.4546617865562439,1.1374962329864502
0.9746068716049194,0.2532857060432434,1.2278926372528076
0.34194818139076233,0.7337722778320312,1.0757204294204712
0.2857270836830139,0.13281942903995514,0.41854649782180786
0.7671685814857483,0.9406778812408447,1.7078464031219482
0.31248676776885986,0.7256489396095276,1.0381357669830322
0.5037674903869629,0.5376922488212585,1.0414597988128662
0.6381320357322693,0.7886186242103577,1.426750659942627
0.12024638056755066,0.857731819152832,0.9779782295227051
0.4294407069683075,0.01374401431530714,0.4431847333908081
0.37177833914756775,0.9088982939720154,1.2806766033172607
0.5170546174049377,0.08082793653011322,0.5978825688362122
0.14177528023719788,0.5434361696243286,0.6852114200592041
0.8665357232093811,0.699088454246521,1.5656242370605469
0.27964794635772705,0.8743757605552673,1.1540236473083496
0.6577548384666443,0.533680260181427,1.1914350986480713
0.5004949569702148,0.647677481174469,1.148172378540039
0.46357786655426025,0.783737063407898,1.2473149299621582
0.46468010544776917,0.5323881506919861,0.9970682859420776
0.01217817235738039,0.01003244798630476,0.02221062034368515
0.8534413576126099,0.34051069617271423,1.1939520835876465
0.2589925527572632,0.2516632378101349,0.5106557607650757
0.4402726888656616,0.9383454322814941,1.3786181211471558
0.673876941204071,0.5131528973579407,1.1870298385620117
0.853146493434906,0.2758091986179352,1.1289557218551636
0.6367809176445007,0.44697675108909607,1.0837576389312744
0.2612195611000061,0.8267722129821777,1.087991714477539
0.0025463681668043137,0.05002319812774658,0.052569568157196045
0.029266925528645515,0.083368681371212,0.11263560503721237
0.4682139754295349,0.8423831462860107,1.3105971813201904
0.1877838373184204,0.622107982635498,0.8098918199539185
0.49989527463912964,0.00688106007874012,0.5067763328552246
0.3669959604740143,0.432686984539032,0.7996829748153687
0.6933785080909729,0.03893637657165527,0.7323148846626282
0.9533270597457886,0.4832308292388916,1.4365578889846802
0.8455546498298645,0.040893666446208954,0.886448323726654
0.4601036310195923,0.03472505137324333,0.4948286712169647
0.7855686545372009,0.6758131980895996,1.4613819122314453
0.2690313756465912,0.0817762240767479,0.3508076071739197
0.27582433819770813,0.49058330059051514,0.7664076089859009
0.33578670024871826,0.9473463296890259,1.2831330299377441
0.18631306290626526,0.5601084232330322,0.7464214563369751
0.5089070796966553,0.6724545359611511,1.1813616752624512
0.6413463354110718,0.8385636806488037,1.4799100160598755
0.1348520815372467,0.05668012797832489,0.1915322095155716
0.4933839440345764,0.8607209324836731,1.3541048765182495
0.36627012491226196,0.09739615023136139,0.46366626024246216
0.45418158173561096,0.8845515251159668,1.3387330770492554
0.5854781270027161,0.8934164047241211,1.4788944721221924
0.4092234969139099,0.9361383318901062,1.3453618288040161
0.5868799090385437,0.8374975323677063,1.42437744140625
0.5030152797698975,0.9386591911315918,1.4416744709014893
0.5408366918563843,0.41759130358695984,0.9584280252456665
0.21741503477096558,0.0841720849275589,0.3015871047973633
0.23499181866645813,0.778291642665863,1.0132834911346436
0.6102946996688843,0.04874870181083679,0.6590434312820435
0.0953356996178627,0.19764773547649384,0.29298344254493713
0.6866911053657532,0.8737677335739136,1.5604588985443115
0.7259536981582642,0.9413491487503052,1.6673028469085693
0.633268415927887,0.025805778801441193,0.6590741872787476
0.6139243841171265,0.8728516101837158,1.4867759943008423
0.3717268705368042,0.16394202411174774,0.5356689095497131
0.5219677686691284,0.43382373452186584,0.9557914733886719
0.5447010397911072,0.1729390174150467,0.7176400423049927
0.6571156978607178,0.9359439015388489,1.5930595397949219
0.991277277469635,0.8416958451271057,1.8329731225967407
0.7933757305145264,0.19921518862247467,0.9925909042358398
0.7954138517379761,0.5581588745117188,1.3535727262496948
0.24563956260681152,0.6447333097457886,0.8903728723526001
0.8714861869812012,0.2781622111797333,1.1496484279632568
0.3816477656364441,0.4755372703075409,0.8571850061416626
0.9574130177497864,0.36950942873954773,1.3269224166870117
0.2778257727622986,0.4622954726219177,0.7401212453842163
0.31690168380737305,0.20805877447128296,0.524960458278656
0.2260718047618866,0.9378002285957336,1.1638720035552979
0.8529746532440186,0.6017937064170837,1.454768419265747
0.5290408730506897,0.027330487966537476,0.5563713312149048
0.13362917304039001,0.5049410462379456,0.6385701894760132
0.5128294825553894,0.9937783479690552,1.5066077709197998
0.35196131467819214,0.16481448709964752,0.5167757868766785
0.4903166890144348,0.03759302571415901,0.5279096961021423
0.4111020267009735,0.49407678842544556,0.9051787853240967
0.041872505098581314,0.006721227429807186,0.048593733459711075
0.304702490568161,0.1683414876461029,0.4730439782142639
0.38095346093177795,0.6253347396850586,1.0062881708145142
0.6244359612464905,0.0903409868478775,0.7147769331932068
0.4674299359321594,0.6488099694252014,1.1162399053573608
0.7365635633468628,0.6920861601829529,1.428649663925171
0.29333192110061646,0.11629904061555862,0.4096309542655945
0.4077666103839874,0.48256003856658936,0.8903266191482544
0.6091569662094116,0.5228316783905029,1.1319886445999146
0.3898879885673523,0.4094405770301819,0.7993285655975342
0.1706484854221344,0.939331591129303,1.1099801063537598
0.8739317059516907,0.04074820131063461,0.9146798849105835
0.5379124879837036,0.6959672570228577,1.233879804611206
0.5264927744865417,0.6810078620910645,1.207500696182251
0.28650686144828796,0.8357701301574707,1.122277021408081
0.6136526465415955,0.9152775406837463,1.5289301872253418
0.3726271092891693,0.8064186573028564,1.1790457963943481
0.18609412014484406,0.3727773427963257,0.5588714480400085
0.6853908896446228,0.7314463257789612,1.416837215423584
0.6066849231719971,0.3288428783416748,0.9355278015136719
0.6266759037971497,0.7908570170402527,1.4175329208374023
0.5617482662200928,0.8222641944885254,1.3840124607086182
0.4131990969181061,0.6318672299385071,1.0450663566589355
0.9035471081733704,0.3306952118873596,1.23424232006073
0.15138952434062958,0.4246440827846527,0.5760335922241211
0.9905619621276855,0.2383333295583725,1.2288953065872192
0.15104320645332336,0.004350724630057812,0.15539392828941345
0.2973265051841736,0.8643409013748169,1.1616673469543457
0.14490105211734772,0.7013170719146729,0.8462181091308594
0.08664676547050476,0.6863266229629517,0.7729734182357788
0.19651882350444794,0.7610414624214172,0.9575603008270264
0.5610766410827637,0.4367842674255371,0.9978609085083008
0.015201319009065628,0.821860134601593,0.8370614647865295
0.9818220734596252,0.670929491519928,1.6527515649795532
0.7587851285934448,0.3013494610786438,1.0601346492767334
0.35157909989356995,0.528465986251831,0.8800450563430786
0.2594927251338959,0.5672959685325623,0.8267886638641357
0.08618192374706268,0.10728568583726883,0.1934676170349121
0.42553460597991943,0.4657756984233856,0.8913103342056274
0.9217589497566223,0.7582895755767822,1.6800484657287598
0.5972889065742493,0.996869683265686,1.59415864944458
0.047096751630306244,0.7945162057876587,0.8416129350662231
0.511135995388031,0.4068647027015686,0.9180006980895996
0.13526317477226257,0.0298831257969141,0.16514630615711212
0.10887578874826431,0.7279196381568909,0.836795449256897
0.7114245891571045,0.8483511805534363,1.5597758293151855
0.11090583354234695,0.44824931025505066,0.5591551661491394
0.3972691595554352,0.9603598713874817,1.3576290607452393
0.7585864663124084,0.6639456748962402,1.422532081604004
0.13492463529109955,0.06847276538610458,0.20339739322662354
0.6907526254653931,0.6319939494132996,1.3227465152740479
0.31048110127449036,0.1123032420873642,0.42278432846069336
0.23214009404182434,0.41020330786705017,0.6423434019088745
0.8459975719451904,0.26447629928588867,1.110473871231079
0.24164675176143646,0.47467783093452454,0.7163245677947998
0.913841187953949,0.7815372943878174,1.6953785419464111
0.6642227172851562,0.8395420908927917,1.5037648677825928
0.8644002079963684,0.18144801259040833,1.0458482503890991
0.03529411554336548,0.12667445838451385,0.16196857392787933
0.7483065128326416,0.5486294031143188,1.2969359159469604
0.24478307366371155,0.08041246980428696,0.3251955509185791
0.595590353012085,0.8348830342292786,1.4304733276367188
0.8624311685562134,0.9987350702285767,1.86116623878479
0.8834674954414368,0.6420504450798035,1.5255179405212402
0.20498491823673248,0.07307999581098557,0.27806490659713745
0.7771373987197876,0.45993539690971375,1.2370728254318237
0.9660489559173584,0.888634443283081,1.8546833992004395
0.7965033650398254,0.6338571906089783,1.4303605556488037
0.4967704713344574,0.5442631244659424,1.0410336256027222
0.4406629800796509,0.4702853262424469,0.9109482765197754
0.9191970229148865,0.8577239513397217,1.776921033859253
0.12825003266334534,0.3498336672782898,0.47808369994163513
0.8863227963447571,0.7734096050262451,1.6597323417663574
0.727931797504425,0.38554683327674866,1.113478660583496
0.7293169498443604,0.5846157670021057,1.3139326572418213
0.8077725768089294,0.7841222286224365,1.5918948650360107
0.16395556926727295,0.6231207847595215,0.7870763540267944
0.6340599656105042,0.8667374849319458,1.5007975101470947
0.7006166577339172,0.6038478016853333,1.3044644594192505
0.9134054183959961,0.07416626065969467,0.987571656703949
0.6114364862442017,0.39768344163894653,1.009119987487793
0.04323781281709671,0.4547441899776459,0.497981995344162
0.21011994779109955,0.8933216333389282,1.103441596031189
0.6915676593780518,0.07575129717588425,0.7673189640045166
0.3440748453140259,0.9049738049507141,1.2490487098693848
0.3658624589443207,0.36541467905044556,0.7312771081924438
0.5196778178215027,0.21206744015216827,0.7317452430725098
0.5843126177787781,0.3489995002746582,0.9333121180534363
0.5389325022697449,0.055745482444763184,0.5946779847145081
0.9864934682846069,0.18038423359394073,1.1668777465820312
0.42152175307273865,0.16527171432971954,0.5867934823036194
0.7057555913925171,0.3517991006374359,1.0575547218322754
0.7703121304512024,0.8985642194747925,1.6688764095306396
0.6989479660987854,0.9299469590187073,1.6288949251174927
0.010149962268769741,0.8657212853431702,0.8758712410926819
0.3642801344394684,0.056895770132541656,0.42117589712142944
0.4371616840362549,0.5477414131164551,0.98490309715271
0.4148436486721039,0.42815062403678894,0.8429942727088928
0.24384966492652893,0.1547316163778305,0.39858126640319824
0.5218838453292847,0.46901875734329224,0.9909026026725769
0.6897986531257629,0.5435613393783569,1.2333600521087646
0.952603816986084,0.7223979234695435,1.6750017404556274
0.11176886409521103,0.23649495840072632,0.34826382994651794
0.6945747137069702,0.11645304411649704,0.8110277652740479
0.06617382913827896,0.558744490146637,0.6249183416366577
0.7295680642127991,0.7565047144889832,1.4860727787017822
0.8095138669013977,0.9649123549461365,1.7744262218475342
0.7317484617233276,0.7223374247550964,1.4540858268737793
0.30432847142219543,0.6582122445106506,0.9625407457351685
0.16955448687076569,0.2712559700012207,0.4408104419708252
0.414680153131485,0.784502387046814,1.1991825103759766
0.5542320013046265,0.18338286876678467,0.7376148700714111
0.8080220818519592,0.29176074266433716,1.0997828245162964
0.7741503119468689,0.4647752344608307,1.238925576210022
0.16449011862277985,0.027815114706754684,0.19230523705482483
0.9841205477714539,0.947939395904541,1.9320600032806396
0.1792772263288498,0.8960317969322205,1.0753090381622314
0.9657858610153198,0.23691490292549133,1.2027007341384888
0.03669389337301254,0.36714062094688416,0.4038345217704773
0.4501365125179291,0.37758222222328186,0.8277187347412109
0.6310476660728455,0.08362428843975067,0.7146719694137573
0.6892661452293396,0.8524221181869507,1.5416882038116455
0.8311471343040466,0.9804889559745789,1.8116360902786255
0.30142033100128174,0.715972900390625,1.0173932313919067
0.8901166915893555,0.5109397172927856,1.4010564088821411
0.8980386853218079,0.8420586585998535,1.7400972843170166
0.4665569067001343,0.6960948705673218,1.162651777267456
0.7753692865371704,0.6509162783622742,1.4262855052947998
0.1339149922132492,0.6009895205497742,0.7349045276641846
0.9279917478561401,0.8212019205093384,1.7491936683654785
0.08185260742902756,0.697209894657135,0.7790625095367432
0.9642641544342041,0.10781116038560867,1.072075366973877
0.45169439911842346,0.5271530747413635,0.9788475036621094
0.02719339355826378,0.6262001395225525,0.6533935070037842
0.9225269556045532,0.7617915272712708,1.6843185424804688
0.6355920433998108,0.37332165241241455,1.0089137554168701
0.8955442905426025,0.11130570620298386,1.006850004196167
0.1061248853802681,0.3693780303001404,0.4755029082298279
0.3515828549861908,0.9540560841560364,1.3056389093399048
0.4764387309551239,0.40993934869766235,0.8863780498504639
0.906674325466156,0.8127349615097046,1.7194092273712158
0.1412906050682068,0.33240458369255066,0.47369518876075745
0.13188479840755463,0.9251931309700012,1.0570778846740723
0.36674901843070984,0.38460928201675415,0.7513582706451416
0.036794181913137436,0.5710658431053162,0.6078600287437439
0.7610579133033752,0.1479979008436203,0.9090558290481567
0.624088704586029,0.4076451063156128,1.031733751296997
0.19484221935272217,0.28573164343833923,0.4805738627910614
0.3726389706134796,0.5845562219619751,0.9571951627731323
0.4324866831302643,0.1757482886314392,0.6082350015640259
0.6146186590194702,0.03171949461102486,0.646338164806366
0.9870703220367432,0.417319118976593,1.4043893814086914
0.7298530340194702,0.8110369443893433,1.5408899784088135
0.9597877264022827,0.08065363764762878,1.0404413938522339
0.4432933032512665,0.411439448595047,0.8547327518463135
0.28813210129737854,0.573733389377594,0.8618655204772949
0.8165156841278076,0.3238680064678192,1.1403837203979492
0.14513961970806122,0.049799807369709015,0.19493943452835083
0.9340980648994446,0.6945412755012512,1.6286393404006958
0.22033165395259857,0.9696643352508545,1.1899960041046143
0.5585283637046814,0.26947906613349915,0.8280074596405029
0.7304000854492188,0.6969151496887207,1.4273152351379395
0.8974085450172424,0.360464870929718,1.2578734159469604
0.9631401896476746,0.6998557448387146,1.6629959344863892
0.41036245226860046,0.6037639379501343,1.0141264200210571
0.6325964331626892,0.1393483281135559,0.7719447612762451
0.1606501191854477,0.41303980350494385,0.5736899375915527
0.3979751765727997,0.043996844440698624,0.441972017288208
0.16261550784111023,0.4137016534805298,0.5763171911239624
0.5159029364585876,0.9401746988296509,1.4560775756835938
0.48510468006134033,0.6497170329093933,1.1348216533660889
0.04619569703936577,0.8863756060600281,0.932571291923523
0.4764678478240967,0.7204151153564453,1.196882963180542
0.769261360168457,0.7531535029411316,1.5224149227142334
0.4023488461971283,0.08341313153505325,0.48576197028160095
0.25959283113479614,0.5143278241157532,0.7739206552505493
0.15776579082012177,0.4668736755847931,0.6246394515037537
0.1197611466050148,0.0943446233868599,0.2141057699918747
0.20991823077201843,0.08856011927127838,0.298478364944458
0.8903656005859375,0.15054774284362793,1.0409133434295654
0.7935706973075867,0.43007102608680725,1.2236417531967163
0.5180653929710388,0.45731788873672485,0.9753832817077637
0.3249886929988861,0.7324852347373962,1.05747389793396
0.9112777709960938,0.9997343420982361,1.9110121726989746
0.666527271270752,0.16447803378105164,0.831005334854126
0.3181008994579315,0.3820706009864807,0.7001714706420898
0.666041374206543,0.26534029841423035,0.9313817024230957
0.7898985743522644,0.13308297097682953,0.9229815602302551
0.12406416982412338,0.6754897832870483,0.7995539307594299
0.541481614112854,0.45178860425949097,0.993270218372345
0.7305683493614197,0.11868208646774292,0.8492504358291626
0.6383905410766602,0.29671376943588257,0.9351043105125427
0.07906509935855865,0.5598227977752686,0.638887882232666
0.10301394015550613,0.642092764377594,0.7451066970825195
0.221304252743721,0.9808894991874695,1.2021937370300293
0.24085527658462524,0.6047563552856445,0.8456116318702698
0.789251446723938,0.3029998242855072,1.0922513008117676
0.922325849533081,0.16599544882774353,1.088321328163147
0.23816514015197754,0.7727698087692261,1.0109349489212036
0.5404298305511475,0.48251423239707947,1.0229440927505493
0.4920751452445984,0.1584462821483612,0.6505213975906372
0.6126108765602112,0.5445053577423096,1.157116174697876
0.41608119010925293,0.7638158798217773,1.1798970699310303
0.6222941875457764,0.645638108253479,1.2679322957992554
0.0564723014831543,0.8241708874702454,0.8806431889533997
0.8211143612861633,0.6694903373718262,1.4906046390533447
0.9641069173812866,0.8628354072570801,1.8269423246383667
0.11137089878320694,0.6157415509223938,0.7271124720573425
0.1766943633556366,0.7094492316246033,0.8861435651779175
0.10373270511627197,0.8315146565437317,0.9352473616600037
0.693647027015686,0.369994193315506,1.0636411905288696
0.4462761878967285,0.21086983382701874,0.6571460366249084
0.3057909607887268,0.6571544408798218,0.9629454016685486
0.5651644468307495,0.2878479063510895,0.8530123233795166
0.8129125833511353,0.03330148756504059,0.8462140560150146
0.9379483461380005,0.6241083741188049,1.5620567798614502
0.6915189623832703,0.3958146870136261,1.0873336791992188
0.37362146377563477,0.9752596020698547,1.3488810062408447
0.45059019327163696,0.22895894944667816,0.6795491576194763
0.9936718344688416,0.02271343767642975,1.0163853168487549
0.46292415261268616,0.8231627941131592,1.286086916923523
0.31255200505256653,0.23259860277175903,0.545150637626648
0.379391610622406,0.9646710157394409,1.3440625667572021
0.3173340857028961,0.2969558835029602,0.6142899990081787
0.5252059698104858,0.3618432581424713,0.8870491981506348
0.49178487062454224,0.27064013481140137,0.7624250054359436
0.46649065613746643,0.4015485346317291,0.8680391907691956
0.47822120785713196,0.04867051914334297,0.5268917083740234
0.5644547939300537,0.11407970637083054,0.6785345077514648
0.1576843410730362,0.6923996210098267,0.8500839471817017
0.569559633731842,0.7326301336288452,1.302189826965332
0.035382241010665894,0.14599841833114624,0.18138065934181213
0.7905445098876953,0.8726401329040527,1.663184642791748
0.987684965133667,0.7764008641242981,1.7640857696533203
0.09004151076078415,0.3863942325115204,0.47643575072288513
0.31388115882873535,0.3368782699108124,0.6507594585418701
0.22958210110664368,0.051931653171777725,0.2815137505531311
0.7413867712020874,0.8609567284584045,1.6023435592651367
0.27170735597610474,0.4935216009616852,0.7652289867401123
0.6801699995994568,0.7266286611557007,1.4067986011505127
0.049474116414785385,0.13601836562156677,0.18549248576164246
0.8703851699829102,0.990276575088501,1.8606617450714111
0.32557937502861023,0.5768510699272156,0.9024304151535034
0.11297037452459335,0.5432376265525818,0.6562079787254333
0.20689798891544342,0.247325137257576,0.4542231261730194
0.9763129949569702,0.907771646976471,1.884084701538086
0.9145569801330566,0.29469746351242065,1.209254503250122
0.5677237510681152,0.09212739765644073,0.6598511338233948
0.6810571551322937,0.11962397396564484,0.8006811141967773
0.2538002133369446,0.7473694086074829,1.0011696815490723
0.165717214345932,0.4410400390625,0.6067572832107544
0.040559764951467514,0.5990882515907288,0.6396480202674866
0.5697212219238281,0.3844701051712036,0.9541913270950317
0.3037629723548889,0.1642071157693863,0.467970073223114
0.691911518573761,0.45946675539016724,1.1513782739639282
0.9958807229995728,0.1241830363869667,1.1200637817382812
0.5568686127662659,0.019211575388908386,0.5760802030563354
0.08155639469623566,0.14297513663768768,0.22453153133392334
0.6825540661811829,0.5363423824310303,1.2188963890075684
0.3577384948730469,0.7025547623634338,1.060293197631836
0.6671799421310425,0.8030359148979187,1.4702157974243164
0.9797291159629822,0.607775092124939,1.5875041484832764
0.18524333834648132,0.6380277276039124,0.8232710361480713
0.051330409944057465,0.19127167761325836,0.24260208010673523
0.6792019009590149,0.6871486902236938,1.3663506507873535
0.3073342740535736,0.24150489270687103,0.5488391518592834
0.017133481800556183,0.3724876940250397,0.38962116837501526
0.04609520733356476,0.059344444423913956,0.10543964803218842
0.7863901853561401,0.5359883308410645,1.3223785161972046
0.1524648517370224,0.39262497425079346,0.545089840888977
0.1551547646522522,0.42346543073654175,0.578620195388794
0.7120001912117004,0.751129686832428,1.4631298780441284
0.8121039271354675,0.36328211426734924,1.1753860712051392
0.19072602689266205,0.18943677842617035,0.3801628053188324
0.008405681699514389,0.9953666925430298,1.0037723779678345
0.346578449010849,0.6527305245399475,0.9993089437484741
0.7315794229507446,0.01268328819423914,0.7442626953125
0.656363844871521,0.008155366405844688,0.664519190788269
0.8601045608520508,0.18009157478809357,1.040196180343628
0.08275340497493744,0.3044346868991852,0.3871880769729614
0.5588950514793396,0.24347209930419922,0.8023671507835388
0.4938182830810547,0.7383512258529663,1.232169508934021
0.751250684261322,0.5784629583358765,1.3297135829925537
0.1756155788898468,0.16994953155517578,0.3455651104450226
0.6694666147232056,0.3843553364276886,1.0538219213485718
0.0722140446305275,0.49573272466659546,0.5679467916488647
0.6133173108100891,0.7064401507377625,1.3197574615478516
0.8976020812988281,0.3752520680427551,1.2728540897369385
0.7902275919914246,0.5488026738166809,1.3390302658081055
0.8792918920516968,0.8105342984199524,1.689826250076294
0.1220218688249588,0.274941086769104,0.3969629406929016
0.13279610872268677,0.6961858868598938,0.8289819955825806
0.5095880031585693,0.5143425464630127,1.023930549621582
0.6111971139907837,0.17528046667575836,0.7864775657653809
0.9069006443023682,0.751728892326355,1.6586295366287231
0.4583868682384491,0.7222564816474915,1.1806433200836182
0.489512175321579,0.8700544238090515,1.359566569328308
0.8398498296737671,0.7348272800445557,1.5746771097183228
0.7155261635780334,0.6802276372909546,1.3957538604736328
0.43316495418548584,0.4452019929885864,0.8783669471740723
0.6135022640228271,0.6987898945808411,1.3122920989990234
0.820942759513855,0.2875591218471527,1.10850191116333
0.22436881065368652,0.8768361806869507,1.1012049913406372
0.8963759541511536,0.5665748715400696,1.4629508256912231
0.7644200921058655,0.8921298384666443,1.6565499305725098
0.05385294556617737,0.8544192314147949,0.9082721471786499
0.5723387598991394,0.9221325516700745,1.4944713115692139
0.6281982660293579,0.07572875916957855,0.7039270401000977
0.41826131939888,0.9325337409973145,1.350795030593872
0.22251065075397491,0.6966490149497986,0.9191596508026123
0.9597085118293762,0.9491555690765381,1.9088640213012695
0.19990217685699463,0.700691819190979,0.9005939960479736
0.7980231046676636,0.19755318760871887,0.9955762624740601
0.29519033432006836,0.2270503044128418,0.5222406387329102
0.9492433667182922,0.646463930606842,1.5957072973251343
0.2791205048561096,0.43766388297080994,0.7167843580245972
0.21753861010074615,0.31059566140174866,0.528134286403656
0.8763559460639954,0.24889761209487915,1.1252535581588745
0.010899574495851994,0.3244943618774414,0.3353939354419708
0.9655532240867615,0.9747331142425537,1.94028639793396
0.07817219942808151,0.8201674222946167,0.8983396291732788
0.8591471314430237,0.027845215052366257,0.886992335319519
0.21525172889232635,0.5868760943412781,0.8021278381347656
0.1381853222846985,0.9075732231140137,1.0457584857940674
0.8658350110054016,0.8022990822792053,1.668134093284607
0.48703956604003906,0.2935842275619507,0.7806237936019897
0.059834010899066925,0.9512631297111511,1.0110971927642822
0.23256558179855347,0.14843089878559113,0.3809964656829834
0.08087494969367981,0.23605383932590485,0.31692880392074585
0.8592532277107239,0.19459164142608643,1.053844928741455
0.4038112461566925,0.5922644138336182,0.9960756301879883
0.4744912385940552,0.34486374258995056,0.8193550109863281
0.4073579013347626,0.3718110918998718,0.779168963432312
0.43638625741004944,0.6647919416427612,1.1011781692504883
0.6020766496658325,0.5249839425086975,1.1270606517791748
0.7308103442192078,0.9710732698440552,1.7018835544586182
0.8469363451004028,0.4207499623298645,1.267686367034912
0.7696840167045593,0.1235182136297226,0.8932022452354431
0.04937604069709778,0.1344926804304123,0.18386872112751007
0.5102910995483398,0.8558567762374878,1.3661478757858276
0.13611383736133575,0.7822785973548889,0.9183924198150635
0.4059971272945404,0.9969584941864014,1.4029556512832642
0.440203994512558,0.45493805408477783,0.8951420783996582
0.269967257976532,0.8282668590545654,1.0982341766357422
0.17282623052597046,0.05108530446887016,0.22391153872013092
0.22792568802833557,0.07806350290775299,0.30598920583724976
0.01280314102768898,0.24944081902503967,0.26224395632743835
0.6711654663085938,0.5486470460891724,1.2198125123977661
0.14819294214248657,0.8308159112930298,0.9790088534355164
0.5323768854141235,0.12442822009325027,0.6568050980567932
0.9005914926528931,0.2770892083644867,1.1776807308197021
0.9210288524627686,0.3183814585208893,1.2394102811813354
0.6165607571601868,0.9216410517692566,1.5382018089294434
0.07888969779014587,0.5510246753692627,0.629914402961731
0.37792181968688965,0.7714799046516418,1.1494016647338867
0.7628518342971802,0.002666484098881483,0.765518307685852
0.4637746810913086,0.598052442073822,1.0618271827697754
0.3225055932998657,0.18145157396793365,0.5039571523666382
0.8705524206161499,0.30617526173591614,1.1767276525497437
0.20251570641994476,0.39897647500038147,0.601492166519165
0.08802515268325806,0.754192590713501,0.842217743396759
0.7835378050804138,0.8464235663414001,1.629961371421814
0.6396992206573486,0.24459682404994965,0.8842960596084595
0.48479461669921875,0.8955874443054199,1.3803820610046387
0.24459560215473175,0.3293452560901642,0.5739408731460571
0.6339606046676636,0.7030794620513916,1.3370400667190552
0.36079439520835876,0.7214508652687073,1.0822452306747437
0.4198254644870758,0.6288285851478577,1.0486540794372559
0.7894443869590759,0.3145786225795746,1.1040229797363281
0.4492192566394806,0.6313890814781189,1.0806083679199219
0.9310351014137268,0.5324752926826477,1.4635103940963745
0.08857428282499313,0.3331763744354248,0.42175066471099854
0.042413078248500824,0.4275350868701935,0.4699481725692749
0.6894379258155823,0.8472758531570435,1.5367138385772705
0.059638749808073044,0.23639127612113953,0.2960300147533417
0.2726140320301056,0.7334744334220886,1.0060884952545166
0.20317083597183228,0.15704046189785004,0.3602113127708435
0.7417822480201721,0.03723352402448654,0.7790157794952393
0.961113452911377,0.6887961030006409,1.649909496307373
0.08839631080627441,0.4180770516395569,0.5064733624458313
0.782812237739563,0.17634394764900208,0.9591561555862427
0.2759973108768463,0.6618546843528748,0.9378520250320435
0.8699318766593933,0.7437939643859863,1.6137259006500244
0.054675646126270294,0.4496522545814514,0.5043278932571411
0.5256596803665161,0.7170721292495728,1.2427318096160889
0.19555610418319702,0.3278479278087616,0.5234040021896362
0.007257559336721897,0.7716248631477356,0.7788824439048767
0.5144042372703552,0.1943131685256958,0.708717405796051
0.6600549817085266,0.915628969669342,1.5756839513778687
0.9895774722099304,0.7526944279670715,1.742271900177002
0.21070291101932526,0.8718534111976624,1.0825563669204712
0.002594628371298313,0.42208513617515564,0.4246797561645508
0.652277410030365,0.026316504925489426,0.6785939335823059
0.7233795523643494,0.8781230449676514,1.6015026569366455
0.6273894906044006,0.9249354600906372,1.5523250102996826
0.34956565499305725,0.363203763961792,0.7127693891525269
0.02218734100461006,0.16528642177581787,0.18747375905513763
0.16658547520637512,0.9084154367446899,1.0750008821487427
0.5371685028076172,0.6744207143783569,1.2115892171859741
0.1177925392985344,0.5865904092788696,0.7043829560279846
0.6240594387054443,0.46261632442474365,1.086675763130188
0.43410974740982056,0.07910599559545517,0.5132157206535339
0.3396894037723541,0.8538379669189453,1.193527340888977
0.1862196922302246,0.5858626365661621,0.7720823287963867
0.7349620461463928,0.36686956882476807,1.1018316745758057
0.1023634746670723,0.34137362241744995,0.44373708963394165
0.7067039608955383,0.44181180000305176,1.1485157012939453
0.3579195737838745,0.5516198873519897,0.9095394611358643
0.7850728034973145,0.5537278056144714,1.3388006687164307
0.6989551782608032,0.8427681922912598,1.541723370552063
0.7095407843589783,0.9425137639045715,1.6520545482635498
0.841698169708252,0.21943505108356476,1.0611332654953003
0.5333291888237,0.7393903136253357,1.2727195024490356
0.9107362627983093,0.16391772031784058,1.07465398311615
0.5867538452148438,0.5296860933303833,1.116439938545227
0.7004603743553162,0.24999403953552246,0.9504544138908386
0.03241349756717682,0.2859139144420624,0.3183274269104004
0.29050612449645996,0.3381946384906769,0.6287007331848145
0.6648855805397034,0.9471798539161682,1.6120654344558716
0.11313138902187347,0.6659899353981018,0.7791213393211365
0.3252241313457489,0.03219456598162651,0.3574186861515045
0.489425390958786,0.5078690648078918,0.9972944259643555
0.4104406237602234,0.26358118653297424,0.67402184009552
0.7718169093132019,0.617062509059906,1.388879418373108
0.6901054978370667,0.3806491792201996,1.0707546472549438
0.06625515222549438,0.630182683467865,0.6964378356933594
0.6387171745300293,0.8634531497955322,1.5021703243255615
0.6291985511779785,0.7724906206130981,1.4016891717910767
0.2665383219718933,0.20981495082378387,0.4763532876968384
0.5022100210189819,0.9257442951202393,1.4279543161392212
0.12577694654464722,0.05018537864089012,0.17596232891082764
0.8505176901817322,0.9778584837913513,1.8283761739730835
0.6962302923202515,0.9505445957183838,1.6467748880386353
0.9396450519561768,0.4508935809135437,1.3905386924743652
0.08710815757513046,0.26992031931877136,0.3570284843444824
0.5684651732444763,0.825178861618042,1.393644094467163
0.8712049722671509,0.9329622983932495,1.8041672706604004
0.2575578987598419,0.3465765118598938,0.6041344404220581
0.3808949887752533,0.13457053899765015,0.515465497970581
0.9541724920272827,0.8038557171821594,1.758028268814087
0.9975439310073853,0.4570176899433136,1.4545615911483765
0.9552599191665649,0.8384255766868591,1.7936854362487793
0.04637603834271431,0.9042361974716187,0.9506122469902039
0.6883437037467957,0.9308714270591736,1.6192151308059692
0.6841779947280884,0.48449286818504333,1.168670892715454
0.9826188087463379,0.34648755192756653,1.329106330871582
0.15235301852226257,0.8826440572738647,1.0349971055984497
0.8600598573684692,0.5091466307640076,1.369206428527832
0.6968616247177124,0.700502336025238,1.3973639011383057
0.0021521940361708403,0.9433449506759644,0.9454971551895142
0.06732256710529327,0.6133227944374084,0.6806453466415405
0.03912721201777458,0.507396936416626,0.546524167060852
0.815592348575592,0.004864322952926159,0.8204566836357117
0.26015540957450867,0.7582984566688538,1.01845383644104
0.4084811210632324,0.18076248466968536,0.5892435908317566
0.5789833068847656,0.05125383287668228,0.6302371621131897
0.854591965675354,0.06073419749736786,0.9153261780738831
0.515539288520813,0.9254260063171387,1.4409652948379517
0.013613395392894745,0.14085868000984192,0.15447208285331726
0.10330235213041306,0.3086898922920227,0.41199225187301636
0.5051947236061096,0.229550302028656,0.7347450256347656
0.7952722311019897,0.045565806329250336,0.8408380150794983
0.3561519980430603,0.3699849247932434,0.7261369228363037
0.21894599497318268,0.3808111250400543,0.5997571349143982
0.9270159006118774,0.9880038499832153,1.9150197505950928
0.3799333870410919,0.6553551554679871,1.0352885723114014
0.4193163216114044,0.4775564670562744,0.8968727588653564
0.43191978335380554,0.3953140079975128,0.8272337913513184
0.7143564224243164,0.27468088269233704,0.989037275314331
0.1800263375043869,0.7206068634986877,0.9006332159042358
0.2573685646057129,0.0999191477894783,0.3572877049446106
0.38876834511756897,0.11284433305263519,0.501612663269043
0.7898975610733032,0.046784959733486176,0.8366824984550476
0.6076442003250122,0.5384697914123535,1.1461139917373657
0.24531567096710205,0.3328702747821808,0.5781859159469604
0.40951788425445557,0.8322731852531433,1.241791009902954
0.43954163789749146,0.606312096118927,1.0458537340164185
0.9932284355163574,0.43332958221435547,1.426558017730713
0.9847463369369507,0.30368441343307495,1.2884306907653809
0.052548959851264954,0.8787193298339844,0.9312682747840881
0.14918537437915802,0.4573912024497986,0.6065765619277954
0.6169512271881104,0.9603708982467651,1.5773221254348755
0.3080543875694275,0.259795218706131,0.5678496360778809
0.2727771997451782,0.5959789156913757,0.868756115436554
0.7809284329414368,0.41286641359329224,1.193794846534729
0.73314368724823,0.38680633902549744,1.1199500560760498
0.4728752672672272,0.9232093095779419,1.3960845470428467
0.22207500040531158,0.3498789370059967,0.5719539523124695
0.5637037754058838,0.7380663156509399,1.3017700910568237
0.4290544390678406,0.7433038353919983,1.1723582744598389
0.33742812275886536,0.0011588414199650288,0.3385869562625885
0.3354812264442444,0.8021413087844849,1.137622594833374
0.8780731558799744,0.6014152765274048,1.4794883728027344
0.050485022366046906,0.02642742730677128,0.07691244781017303
0.5968733429908752,0.44491156935691833,1.0417848825454712
0.6371620893478394,0.6192516684532166,1.2564136981964111
0.3907957971096039,0.08974102884531021,0.4805368185043335
0.9793349504470825,0.7549219727516174,1.7342569828033447
0.8345623016357422,0.13068410754203796,0.9652464389801025
0.27960097789764404,0.05352875217795372,0.33312973380088806
0.9798305630683899,0.28600960969924927,1.2658401727676392
0.8228909373283386,0.7587441802024841,1.5816351175308228
0.850602924823761,0.7452599406242371,1.595862865447998
0.8826974630355835,0.24511398375034332,1.1278114318847656
0.7758674621582031,0.4392492175102234,1.2151167392730713
0.9678004384040833,0.7031881809234619,1.6709885597229004
0.8090516328811646,0.1827917993068695,0.9918434619903564
0.8654246926307678,0.9662222862243652,1.8316469192504883
0.4416075050830841,0.025122610852122307,0.46673011779785156
0.2301064431667328,0.470081090927124,0.7001875638961792
0.4338291883468628,0.6072821021080017,1.0411112308502197
0.9128639101982117,0.030920663848519325,0.9437845945358276
0.8676206469535828,0.7882136702537537,1.6558343172073364
0.8658820390701294,0.18433639407157898,1.0502184629440308
0.45199742913246155,0.6032556295394897,1.055253028869629
0.1904071718454361,0.4468669891357422,0.6372741460800171
0.05404321849346161,0.06388341635465622,0.11792663484811783
0.4092326760292053,0.9056520462036133,1.3148846626281738
0.04074397683143616,0.04574206471443176,0.08648604154586792
0.16774044930934906,0.6909098029136658,0.858650267124176
0.8840820789337158,0.45350030064582825,1.3375823497772217
0.8435604572296143,0.5646012425422668,1.4081616401672363
0.8982411623001099,0.9290182590484619,1.8272594213485718
0.03086942434310913,0.26233112812042236,0.2932005524635315
0.8130353689193726,0.6942639946937561,1.5072994232177734
0.009739747270941734,0.454971045255661,0.4647108018398285
0.6937710046768188,0.03606714680790901,0.7298381328582764
0.19674217700958252,0.4371030330657959,0.6338452100753784
0.45316800475120544,0.6133176684379578,1.0664856433868408
0.7749373912811279,0.8695806860923767,1.6445181369781494
0.2138413041830063,0.3016284108161926,0.5154697299003601
0.8824119567871094,0.8227774500846863,1.7051894664764404
0.7277083992958069,0.22699129581451416,0.954699695110321
0.4471772015094757,0.2840923070907593,0.7312694787979126
0.8526975512504578,0.2810295820236206,1.1337270736694336
0.5347188711166382,0.43211039900779724,0.9668292999267578
0.45478346943855286,0.8075015544891357,1.2622849941253662
0.9894285202026367,0.8360864520072937,1.8255150318145752
0.7874943614006042,0.3432970643043518,1.130791425704956
0.021618977189064026,0.9389596581459045,0.9605786204338074
0.5486348867416382,0.09696993976831436,0.6456048488616943
0.6745049953460693,0.15749451518058777,0.8319995403289795
0.10178326815366745,0.9759227633476257,1.077705979347229
0.6686183214187622,0.8605993390083313,1.5292177200317383
0.13866610825061798,0.11481349915266037,0.25347959995269775
0.12850771844387054,0.44041430950164795,0.5689220428466797
0.3877517282962799,0.7664681077003479,1.1542198657989502
0.7766551375389099,0.6301314234733582,1.406786561012268
0.5309933423995972,0.20676787197589874,0.7377611994743347
0.45012667775154114,0.3986201584339142,0.8487468361854553
0.7325684428215027,0.5025383234024048,1.2351067066192627
0.45858481526374817,0.7409527897834778,1.1995376348495483
0.7229769825935364,0.8909891843795776,1.6139662265777588
0.7257083654403687,0.8965985774993896,1.6223069429397583
0.6661038994789124,0.9552790522575378,1.6213829517364502
0.5894075036048889,0.8883078694343567,1.4777153730392456
0.9545381665229797,0.6843990087509155,1.63893723487854
0.3318940997123718,0.19661985337734222,0.5285139679908752
0.6933064460754395,0.6421875953674316,1.335494041442871
0.7487899661064148,0.8045805096626282,1.553370475769043
0.610871434211731,0.3371374011039734,0.9480088353157043
0.005643731914460659,0.4913381338119507,0.4969818592071533
0.7387531995773315,0.6494550108909607,1.3882081508636475
0.014071988873183727,0.9989800453186035,1.013051986694336
0.44449466466903687,0.5215380191802979,0.9660326838493347
0.5996411442756653,0.3637382388114929,0.9633793830871582
0.2163129448890686,0.7612568140029907,0.9775697588920593
0.09173843264579773,0.587041974067688,0.6787804365158081
0.4120698869228363,0.6785345673561096,1.0906044244766235
0.9202705025672913,0.4445512890815735,1.3648217916488647
0.3899417221546173,0.6350899934768677,1.0250316858291626
0.8195484280586243,0.3062102794647217,1.1257586479187012
0.968375027179718,0.4733313024044037,1.4417062997817993
0.3942962884902954,0.938560426235199,1.3328566551208496
0.23003335297107697,0.4748251736164093,0.7048585414886475
0.6426969170570374,0.7396501302719116,1.3823471069335938
0.8236709833145142,0.9858272671699524,1.8094983100891113
0.025541964918375015,0.4121299088001251,0.43767186999320984
0.7625992298126221,0.5694659948348999,1.332065224647522
0.9854552745819092,0.23610301315784454,1.2215583324432373
0.30576974153518677,0.6278828382492065,0.9336525797843933
0.2678963840007782,0.9467237591743469,1.2146201133728027
0.22573067247867584,0.5357547402381897,0.7614853978157043
0.3234102129936218,0.076565682888031,0.39997589588165283
0.4868251085281372,0.3923547863960266,0.8791798949241638
0.7763397097587585,0.3759090006351471,1.152248740196228
0.5708646774291992,0.3953782618045807,0.9662429094314575
0.9392195343971252,0.8558452129364014,1.7950646877288818
0.6036216020584106,0.1630956381559372,0.766717255115509
0.287160187959671,0.5366333723068237,0.8237935304641724
0.18610286712646484,0.4396972358226776,0.6258001327514648
0.3390580713748932,0.01028489414602518,0.3493429720401764
0.911566436290741,0.11235151439905167,1.0239179134368896
0.2863588035106659,0.8785609006881714,1.1649197340011597
0.8057740926742554,0.26776883006095886,1.0735429525375366
0.2122391164302826,0.46477219462394714,0.6770113110542297
0.7361242175102234,0.6094855666160583,1.3456097841262817
0.6587213277816772,0.18280291557312012,0.8415242433547974
0.7283470034599304,0.26344653964042664,0.9917935132980347
0.7132042050361633,0.9741960763931274,1.6874003410339355
0.07120459526777267,0.7517738342285156,0.8229784369468689
0.4830282926559448,0.31329870223999023,0.7963269948959351
0.46260762214660645,0.811005711555481,1.2736133337020874
0.7771848440170288,0.1282607614994049,0.9054455757141113
0.19521738588809967,0.0792151391506195,0.27443253993988037
0.20545637607574463,0.3056560158729553,0.5111123919487
0.47258493304252625,0.5544273257255554,1.0270122289657593
0.06052946671843529,0.09639289975166321,0.1569223701953888
0.8519602417945862,0.7939944863319397,1.6459547281265259
0.14165517687797546,0.2984277904033661,0.44008296728134155
0.8279677629470825,0.4982535243034363,1.326221227645874
0.19201155006885529,0.7052630186080933,0.8972745537757874
0.4930097758769989,0.8575310707092285,1.3505408763885498
0.6107220649719238,0.4939419627189636,1.1046640872955322
0.42365530133247375,0.037077680230140686,0.46073299646377563
0.2674129903316498,0.9734662175178528,1.2408791780471802
0.11879622936248779,0.415352463722229,0.5341486930847168
0.8581472635269165,0.8210176229476929,1.6791648864746094
0.4367622435092926,0.3257332444190979,0.7624955177307129
0.4914635419845581,0.9207364916801453,1.4121999740600586
0.37439414858818054,0.3306445777416229,0.7050387263298035
0.31453990936279297,0.38450130820274353,0.6990412473678589
0.09656022489070892,0.9294657707214355,1.0260260105133057
0.9543429613113403,0.13826140761375427,1.092604398727417
0.8425911068916321,0.9348180294036865,1.7774090766906738
0.937727689743042,0.4022761285305023,1.3400038480758667
0.8880610466003418,0.7468270063400269,1.6348880529403687
0.4343031048774719,0.12110698968172073,0.5554100871086121
0.4668486714363098,0.3191644847393036,0.786013126373291
0.10933335870504379,0.8596004843711853,0.9689338207244873
0.8751569986343384,0.9172238707542419,1.7923808097839355
0.9068358540534973,0.5722208619117737,1.479056715965271
0.2630825340747833,0.2559412121772766,0.5190237760543823
0.4508890211582184,0.6692883968353271,1.1201773881912231
0.6148943901062012,0.03417912870645523,0.6490735411643982
0.7400727272033691,0.14501900970935822,0.8850917220115662
0.39888790249824524,0.9216058254241943,1.3204936981201172
0.41632288694381714,0.47457122802734375,0.8908941149711609
0.7379264235496521,0.18980808556079865,0.9277344942092896
0.7192164659500122,0.7418888211250305,1.4611053466796875
0.9970686435699463,0.2559804320335388,1.2530491352081299
0.5913053750991821,0.6950191259384155,1.2863245010375977
0.6524417996406555,0.43375250697135925,1.0861942768096924
0.12396959960460663,0.6791202425956726,0.8030898571014404
0.6422278881072998,0.6456626057624817,1.2878904342651367
0.3384111821651459,0.9043145775794983,1.2427257299423218
0.14824190735816956,0.997260332107544,1.1455022096633911
0.6101657748222351,0.5431302189826965,1.1532959938049316
0.5424996018409729,0.4750773310661316,1.0175769329071045
0.2919081747531891,0.2791817784309387,0.5710899829864502
0.29341793060302734,0.5122500061988831,0.8056679368019104
0.48723170161247253,0.3953635096549988,0.8825951814651489
0.07527479529380798,0.8488583564758301,0.9241331815719604
0.729390561580658,0.6957980990409851,1.425188660621643
0.29553917050361633,0.7949211597442627,1.0904603004455566
0.4331302344799042,0.2305549830198288,0.6636852025985718
0.09735526889562607,0.08895644545555115,0.1863117218017578
0.798722505569458,0.07641585916280746,0.8751383423805237
0.7726116180419922,0.1813429296016693,0.9539545774459839
0.3989373743534088,0.5668630599975586,0.965800404548645
0.9486883282661438,0.9747394919395447,1.9234278202056885
0.906546413898468,0.5410991907119751,1.447645664215088
0.12057202309370041,0.8204849362373352,0.9410569667816162
0.11265037208795547,0.1470491886138916,0.2596995532512665
0.30767616629600525,0.9071532487869263,1.214829444885254
0.8285920023918152,0.46497082710266113,1.293562889099121
0.1727290004491806,0.30146780610084534,0.47419679164886475
0.14594055712223053,0.6998740434646606,0.84581458568573
0.8458929657936096,0.9718193411827087,1.8177123069763184
0.8191455602645874,0.7106024622917175,1.5297479629516602
0.2485329508781433,0.829245388507843,1.0777783393859863
0.7972394227981567,0.1990649402141571,0.9963043928146362
0.017209086567163467,0.09819881618022919,0.11540789902210236
0.9889768958091736,0.19476720690727234,1.1837440729141235
0.4731977880001068,0.5952604413032532,1.0684581995010376
0.6897789239883423,0.9345536828041077,1.6243326663970947
0.01042227167636156,0.5180748701095581,0.5284971594810486
0.908480703830719,0.6298750042915344,1.5383557081222534
0.5637993812561035,0.7247018218040466,1.288501262664795
0.11723880469799042,0.7119821906089783,0.8292210102081299
0.5994879603385925,0.2546246349811554,0.8541126251220703
0.7011693716049194,0.35000860691070557,1.051177978515625
0.8220492601394653,0.14786061644554138,0.9699099063873291
0.6782154440879822,0.3227931559085846,1.0010086297988892
0.02063392847776413,0.8796597123146057,0.9002936482429504
0.760492742061615,0.7287105321884155,1.4892032146453857
0.5775739550590515,0.2633574903011322,0.8409314155578613
0.3146626651287079,0.258840411901474,0.5735030770301819
0.7794313430786133,0.7043033838272095,1.4837347269058228
0.6863394975662231,0.9805217385292053,1.6668612957000732
0.43946048617362976,0.45533594489097595,0.8947964310646057
0.49632778763771057,0.6708893179893494,1.1672171354293823
0.40457892417907715,0.5732124447822571,0.9777913689613342
0.30772241950035095,0.02603686973452568,0.33375927805900574
0.4650551378726959,0.20872347056865692,0.6737785935401917
0.7328115105628967,0.46110260486602783,1.1939141750335693
0.15732720494270325,0.13670490682125092,0.29403209686279297
0.18000830709934235,0.7232006788253784,0.9032089710235596
0.31613630056381226,0.3960065245628357,0.712142825126648
0.7491282820701599,0.025667142122983932,0.774795413017273
0.7106639742851257,0.9226948618888855,1.6333588361740112
0.39487379789352417,0.43143951892852783,0.826313316822052
0.5152297019958496,0.449350506067276,0.9645801782608032
0.7294813990592957,0.5490899682044983,1.278571367263794
0.03026203066110611,0.7958875894546509,0.8261496424674988
0.9699586629867554,0.24235637485980988,1.2123150825500488
0.4813132584095001,0.3453896641731262,0.8267029523849487
0.051871735602617264,0.6040523052215576,0.6559240221977234
0.4822758734226227,0.9487612843513489,1.431037187576294
0.3742765188217163,0.9952231645584106,1.369499683380127
0.1583309769630432,0.3338199257850647,0.4921509027481079
0.5352023243904114,0.24826966226100922,0.7834720015525818
0.7758262753486633,0.004587446339428425,0.7804137468338013
0.5181025266647339,0.4495741128921509,0.9676766395568848
0.2825387716293335,0.5004464983940125,0.782985270023346
0.7788487672805786,0.12906788289546967,0.9079166650772095
0.40044301748275757,0.509585440158844,0.9100284576416016
0.40376797318458557,0.22296752035617828,0.626735508441925
0.7908903956413269,0.8179970979690552,1.6088874340057373
0.5610198974609375,0.14230068027973175,0.7033205628395081
0.6484549641609192,0.12935851514339447,0.7778134942054749
0.6402108669281006,0.7279157042503357,1.368126630783081
0.3004748821258545,0.07453234493732452,0.3750072121620178
0.8921051621437073,0.9842773079872131,1.8763824701309204
0.7663966417312622,0.9692443013191223,1.7356410026550293
0.8377513885498047,0.13988330960273743,0.9776346683502197
0.18397505581378937,0.41716623306274414,0.6011412739753723
0.39109212160110474,0.38819947838783264,0.7792916297912598
0.16264672577381134,0.5299537777900696,0.6926004886627197
0.18698501586914062,0.2238389104604721,0.4108239412307739
0.022044096142053604,0.1645275354385376,0.1865716278553009
0.20466764271259308,0.29326745867729187,0.49793511629104614
0.2165258228778839,0.8299468159675598,1.0464726686477661
0.6745538711547852,0.8703912496566772,1.5449451208114624
0.13561397790908813,0.21608035266399384,0.35169434547424316
0.2302864044904709,0.4962776005268097,0.7265639901161194
0.09916277974843979,0.024907274171710014,0.12407005578279495
0.6124463081359863,0.7308939695358276,1.343340277671814
0.027063528075814247,0.5844893455505371,0.611552894115448
0.3235652446746826,0.13213090598583221,0.455696165561676
0.7643079161643982,0.6933696866035461,1.4576776027679443
0.15817086398601532,0.2104586958885193,0.3686295747756958
0.13429470360279083,0.35249748826026917,0.4867922067642212
0.6289485096931458,0.03429455682635307,0.6632430553436279
0.5046265721321106,0.2836594879627228,0.7882860898971558
0.8318780064582825,0.615802526473999,1.4476804733276367
0.22802171111106873,0.5045773983001709,0.732599139213562
0.632211446762085,0.10069755464792252,0.7329090237617493
0.8243279457092285,0.07324894517660141,0.8975768685340881
0.9342750906944275,0.4494034945964813,1.3836785554885864
0.3537636697292328,0.24519354104995728,0.5989571809768677
0.8711323142051697,0.8954256176948547,1.7665579319000244
0.3610055446624756,0.3036782741546631,0.6646838188171387
0.12402698397636414,0.25057047605514526,0.3745974600315094
0.3486352562904358,0.6763982176780701,1.0250334739685059
0.9727209210395813,0.11746001243591309,1.0901808738708496
0.920041561126709,0.0626174807548523,0.9826590418815613
0.9356331825256348,0.8698574304580688,1.8054906129837036
0.1701466292142868,0.8723141551017761,1.0424607992172241
0.7196235656738281,0.3335987329483032,1.0532222986221313
0.2837699055671692,0.721551239490509,1.0053211450576782
0.09862081706523895,0.18462815880775452,0.2832489609718323
0.6868569850921631,0.14607591927051544,0.8329328894615173
0.44338560104370117,0.9111008644104004,1.3544864654541016
0.09150255471467972,0.5899286866188049,0.681431233882904
0.054885655641555786,0.30712759494781494,0.3620132505893707
0.8900770545005798,0.9786547422409058,1.8687317371368408
0.04049885272979736,0.8297003507614136,0.8701992034912109
0.4209955334663391,0.9837104678153992,1.4047060012817383
0.6158819794654846,0.6473212242126465,1.2632031440734863
0.2188427746295929,0.7194265127182007,0.9382692575454712
0.27845704555511475,0.06750178337097168,0.3459588289260864
0.5376190543174744,0.6069182753562927,1.144537329673767
0.3632908761501312,0.9271296858787537,1.2904205322265625
0.903641939163208,0.37590929865837097,1.2795512676239014
0.5994787216186523,0.7029609680175781,1.3024396896362305
0.5533855557441711,0.06863380968570709,0.622019350528717
0.6368629932403564,0.801520586013794,1.4383835792541504
0.15186570584774017,0.4319829046726227,0.5838485956192017
0.6778726577758789,0.23593898117542267,0.9138116240501404
0.26939260959625244,0.8648721575737,1.1342647075653076
0.1895868331193924,0.07112628221511841,0.2607131004333496
0.35830238461494446,0.21153821051120758,0.5698406100273132
0.5054115056991577,0.22590433061122894,0.7313158512115479
0.5858798623085022,0.35998037457466125,0.9458602666854858
0.3093954622745514,0.19329199194908142,0.5026874542236328
0.9836753010749817,0.6310757398605347,1.6147511005401611
0.07133404910564423,0.6777030229568481,0.7490370869636536
0.5773294568061829,0.07652262598276138,0.653852105140686
0.11661197245121002,0.7929377555847168,0.9095497131347656
0.7111170887947083,0.14363917708396912,0.854756236076355
0.5015814304351807,0.2719394564628601,0.7735208868980408
0.29191410541534424,0.2353791892528534,0.52729332447052
0.19006571173667908,0.940818190574646,1.1308839321136475
0.28437983989715576,0.8456058502197266,1.1299856901168823
0.07200367003679276,0.9809587597846985,1.0529624223709106
0.21989001333713531,0.6848039031028748,0.9046939015388489
0.5653025507926941,0.5314931869506836,1.0967957973480225
0.5346313714981079,0.8326641321182251,1.367295503616333
0.8646997213363647,0.8021838665008545,1.6668835878372192
0.7490370869636536,0.6316218972206116,1.3806589841842651
0.10702986270189285,0.2345779836177826,0.34160783886909485
0.03864918649196625,0.8391954898834229,0.8778446912765503
0.46643340587615967,0.1454121172428131,0.6118454933166504
0.04498995095491409,0.2971981167793274,0.3421880602836609
0.6425758600234985,0.7375571727752686,1.380133032798767
0.17667408287525177,0.7201754450798035,0.896849513053894
0.3914492130279541,0.40044230222702026,0.7918915152549744
0.0994790643453598,0.4379173219203949,0.5373963713645935
0.7460314035415649,0.29475927352905273,1.0407906770706177
0.9342557787895203,0.39807844161987305,1.332334280014038
0.963268518447876,0.8079381585121155,1.7712066173553467
0.4081292748451233,0.9424119591712952,1.3505412340164185
0.9507132768630981,0.0814293771982193,1.0321426391601562
0.5710560083389282,0.9920265078544617,1.5630824565887451
0.8547385334968567,0.05284251645207405,0.9075810313224792
0.29807648062705994,0.45292192697525024,0.7509983777999878
0.46917256712913513,0.36997315287590027,0.8391457200050354
0.1972426027059555,0.6096511483192444,0.8068937659263611
0.2543087899684906,0.31510448455810547,0.5694133043289185
0.08422553539276123,0.17126286029815674,0.25548839569091797
0.8276394605636597,0.41769883036613464,1.2453383207321167
0.07935318350791931,0.02682006172835827,0.10617324709892273
0.1437973529100418,0.220420703291893,0.3642180562019348
0.8866450786590576,0.14220350980758667,1.028848648071289
0.5458137392997742,0.4467296004295349,0.9925433397293091
0.4133262038230896,0.32681336998939514,0.7401396036148071
0.045725688338279724,0.1927589476108551,0.23848463594913483
0.6173774003982544,0.6292933821678162,1.2466707229614258
0.1421840488910675,0.6650434136390686,0.8072274923324585
0.5492299199104309,0.6889960169792175,1.2382259368896484
0.707614004611969,0.7261323928833008,1.433746337890625
0.8861691355705261,0.061503056436777115,0.9476721882820129
0.8105477690696716,0.9078643321990967,1.718412160873413
0.18848493695259094,0.27745330333709717,0.4659382402896881
0.3902745842933655,0.4571726620197296,0.8474472761154175
0.14418652653694153,0.5355079174041748,0.679694414138794
0.1483764499425888,0.1536358892917633,0.3020123243331909
0.2877773642539978,0.9720772504806519,1.2598545551300049
0.8110966086387634,0.35554370284080505,1.166640281677246
0.6785182952880859,0.3363947868347168,1.0149130821228027
0.07351324707269669,0.3258892297744751,0.3994024693965912
0.4787594974040985,0.18108868598937988,0.6598482131958008
0.6436529755592346,0.05602942407131195,0.6996824145317078
0.14808034896850586,0.619482159614563,0.7675625085830688
0.3298225402832031,0.6238104701042175,0.9536330103874207
0.03908218815922737,0.7037340402603149,0.7428162097930908
0.3021949529647827,0.8282889723777771,1.130483865737915
0.5476971864700317,0.7773258686065674,1.3250230550765991
0.5277823805809021,0.7349396347999573,1.2627220153808594
0.14366090297698975,0.25689220428466797,0.4005531072616577
0.4527241289615631,0.7458518147468567,1.1985759735107422
0.7294848561286926,0.46203404664993286,1.1915189027786255
0.7363738417625427,0.9748643636703491,1.711238145828247
0.45162299275398254,0.1873086541891098,0.6389316320419312
0.3839963972568512,0.23863083124160767,0.6226272583007812
0.09074237197637558,0.8555500507354736,0.9462924003601074
0.5568233728408813,0.2877034842967987,0.8445268869400024
0.8910872936248779,0.4432283639907837,1.3343156576156616
0.8411241769790649,0.9519612789154053,1.7930854558944702
0.7475602030754089,0.1438291072845459,0.8913893103599548
0.33885297179222107,0.07655104249715805,0.4154040217399597
0.5792615413665771,0.06678666919469833,0.6460481882095337
0.15296070277690887,0.06622355431318283,0.2191842496395111
0.6061457991600037,0.5675321221351624,1.173677921295166
0.7753255367279053,0.21564337611198425,0.9909689426422119
0.3465167284011841,0.12133944779634476,0.46785616874694824
0.09058810025453568,0.9194522500038147,1.0100404024124146
0.3267750144004822,0.6073833703994751,0.9341583847999573
0.21547070145606995,0.3881692588329315,0.6036399602890015
0.7446641325950623,0.9140527248382568,1.6587169170379639
0.9809349179267883,0.5384170413017273,1.5193519592285156
0.2945747673511505,0.670854926109314,0.9654296636581421
0.1154448539018631,0.08960171788930893,0.20504656434059143
0.27628806233406067,0.9654281139373779,1.2417161464691162
0.444738507270813,0.8825600147247314,1.3272985219955444
0.09348142147064209,0.4158455431461334,0.5093269348144531
0.9302974939346313,0.38784024119377136,1.318137764930725
0.7390212416648865,0.5094044804573059,1.2484257221221924
0.7605804204940796,0.653031587600708,1.4136120080947876
0.3310548961162567,0.6679549217224121,0.9990098476409912
0.29875513911247253,0.3131828308105469,0.6119379997253418
0.533022940158844,0.9095093011856079,1.4425323009490967
0.4158942699432373,0.5268276333808899,0.9427219033241272
0.17125992476940155,0.6743587255477905,0.8456186652183533
0.21715474128723145,0.9365803003311157,1.1537350416183472
0.03331834822893143,0.33549264073371887,0.3688109815120697
0.9179738759994507,0.9560533165931702,1.8740272521972656
0.5110677480697632,0.9256081581115723,1.4366759061813354
0.4332195222377777,0.27341729402542114,0.7066367864608765
0.138057142496109,0.8643085956573486,1.0023657083511353
0.28199997544288635,0.7079895734786987,0.9899895191192627
0.5697013735771179,0.16507521271705627,0.7347766160964966
0.5573539733886719,0.5839133858680725,1.1412672996520996
0.7531297206878662,0.29642415046691895,1.0495538711547852
0.023924075067043304,0.5238930583000183,0.5478171110153198
0.3198692202568054,0.5305414795875549,0.8504106998443604
0.19495004415512085,0.9357568621635437,1.1307069063186646
0.30062657594680786,0.10446400195360184,0.4050905704498291
0.5455658435821533,0.24874062836170197,0.7943064570426941
0.9748846888542175,0.7921462059020996,1.767030954360962
0.591152548789978,0.7803137302398682,1.3714662790298462
0.9310704469680786,0.7726490497589111,1.7037194967269897
0.6720879077911377,0.30916664004325867,0.9812545776367188
0.9310458898544312,0.21740493178367615,1.1484508514404297
0.9899657964706421,0.899516761302948,1.8894824981689453
0.6219025254249573,0.08717584609985352,0.7090783715248108
0.35759595036506653,0.6376901268959045,0.9952861070632935
0.3949933350086212,0.6584699749946594,1.053463339805603
0.4864218235015869,0.4747816026210785,0.9612034559249878
0.49872612953186035,0.863625705242157,1.362351894378662
0.7148136496543884,0.015774143859744072,0.7305877804756165
0.14585517346858978,0.09900408238172531,0.2448592483997345
0.8138627409934998,0.3652903735637665,1.1791530847549438
0.7975049018859863,0.10722284018993378,0.9047277569770813
0.5808659195899963,0.2938050925731659,0.8746709823608398
0.4755944013595581,0.8667552471160889,1.342349648475647
0.19712549448013306,0.8186622858047485,1.0157878398895264
0.08488523215055466,0.36624008417129517,0.4511253237724304
0.970758318901062,0.2615148425102234,1.2322731018066406
0.012289452366530895,0.9824551343917847,0.994744598865509
0.6495029926300049,0.09847283363342285,0.7479758262634277
0.49968695640563965,0.7476242780685425,1.2473112344741821
0.618123471736908,0.7404672503471375,1.3585907220840454
0.1234092265367508,0.20352019369602203,0.3269294202327728
0.11847515404224396,0.5588496923446655,0.6773248314857483
0.7861701846122742,0.2528248727321625,1.0389950275421143
0.7722569704055786,0.2458292543888092,1.0180861949920654
0.3770214319229126,0.8403010964393616,1.217322587966919
0.07178056985139847,0.7260955572128296,0.7978761196136475
0.49556517601013184,0.03293466567993164,0.5284998416900635
0.7715920805931091,0.45246025919914246,1.2240523099899292
0.4333774447441101,0.1458284556865692,0.5792058706283569
0.5025519132614136,0.147348552942276,0.6499004364013672
0.4737468957901001,0.16238029301166534,0.6361271739006042
0.9938083291053772,0.5131421089172363,1.5069503784179688
0.9670742750167847,0.20959995687007904,1.176674246788025
0.080179363489151,0.27366772294044495,0.35384708642959595
0.4558596909046173,0.2905891239643097,0.746448814868927
0.06095457822084427,0.8940343856811523,0.954988956451416
0.5492645502090454,0.9760987758636475,1.5253633260726929
0.18992242217063904,0.18808592855930328,0.3780083656311035
0.2565152049064636,0.13543498516082764,0.39195019006729126
0.8680013418197632,0.21358491480350494,1.081586241722107
0.08682478219270706,0.4197086989879608,0.5065335035324097
0.5385243892669678,0.09583480656147003,0.6343591809272766
0.06838783621788025,0.6386222839355469,0.7070101499557495
0.8270156383514404,0.6639446020126343,1.4909602403640747
0.21645525097846985,0.1854986697435379,0.40195393562316895
0.4384217858314514,0.24648569524288177,0.6849074959754944
0.24878013134002686,0.11162902414798737,0.360409140586853
0.07822871208190918,0.229638934135437,0.3078676462173462
0.6127690672874451,0.21883368492126465,0.8316027522087097
0.7613081336021423,0.6743739247322083,1.4356820583343506
0.07214143872261047,0.832065761089325,0.9042072296142578
0.7527369260787964,0.8426937460899353,1.595430612564087
0.2534729838371277,0.9477695822715759,1.2012425661087036
0.13737322390079498,0.9554746150970459,1.0928478240966797
0.7917095422744751,0.20579013228416443,0.9974997043609619
0.9543909430503845,0.5099809765815735,1.464371919631958
0.673217236995697,0.3080912232398987,0.9813084602355957
0.09693190455436707,0.45053568482398987,0.5474675893783569
0.6310760974884033,0.5598521828651428,1.1909282207489014
0.03415365144610405,0.3255852162837982,0.35973885655403137
0.6831120848655701,0.1091427281498909,0.7922548055648804
0.7172263264656067,0.8821306824684143,1.599357008934021
0.18368840217590332,0.6089110970497131,0.7925994992256165
0.9262349009513855,0.8213984370231628,1.7476333379745483
0.19188044965267181,0.04033960402011871,0.23222005367279053
0.9766479134559631,0.63515305519104,1.6118009090423584
0.8861845135688782,0.8499758243560791,1.7361602783203125
0.9318761825561523,0.05404818803071976,0.9859243631362915
0.6061137914657593,0.6274071931838989,1.2335209846496582
0.294522225856781,0.23495401442050934,0.5294762253761292
0.3963209390640259,0.17622238397598267,0.5725433230400085
0.9862428903579712,0.35858824849128723,1.344831109046936
0.6194691061973572,0.11494617164134979,0.7344152927398682
0.14307747781276703,0.74540114402771,0.8884786367416382
0.8938594460487366,0.4282878041267395,1.322147250175476
0.11427660286426544,0.2456081062555313,0.35988470911979675
0.503017008304596,0.3975989818572998,0.9006159901618958
0.47871893644332886,0.01816370338201523,0.4968826472759247
0.5618948936462402,0.20159299671649933,0.7634878754615784
0.9096373915672302,0.2223254144191742,1.131962776184082
0.7787157297134399,0.050489433109760284,0.8292051553726196
0.5196212530136108,0.17470642924308777,0.694327712059021
0.6706814765930176,0.05516783520579338,0.7258493304252625
0.7967925667762756,0.5496625304222107,1.3464550971984863
0.19404064118862152,0.39786627888679504,0.5919069051742554
0.6150776743888855,0.9705278277397156,1.585605502128601
0.6194680333137512,0.4587928354740143,1.078260898590088
0.8456452488899231,0.4801860749721527,1.3258312940597534
0.9577058553695679,0.6043941974639893,1.5621000528335571
0.9172105193138123,0.9202882051467896,1.837498664855957
0.4752557873725891,0.314155250787735,0.7894110679626465
0.6596899032592773,0.5276304483413696,1.187320351600647
0.40015771985054016,0.1370212882757187,0.5371789932250977
0.4353474974632263,0.5219802856445312,0.9573277831077576
0.0725306048989296,0.82038414478302,0.8929147720336914
0.311696320772171,0.8367974162101746,1.148493766784668
0.4556872248649597,0.15575923025608063,0.6114464402198792
0.12122318148612976,0.14689995348453522,0.26812314987182617
0.08034852147102356,0.12979334592819214,0.2101418673992157
0.6801444292068481,0.09630269557237625,0.7764471173286438
0.8170180916786194,0.6264869570732117,1.443505048751831
0.4698125720024109,0.8434327840805054,1.3132452964782715
0.4972858130931854,0.27181077003479004,0.7690966129302979
0.8716873526573181,0.39148321747779846,1.263170599937439
0.022563902661204338,0.201882466673851,0.2244463711977005
0.5581545829772949,0.538502037525177,1.0966565608978271
0.2363392412662506,0.9128752946853638,1.149214506149292
0.8528249859809875,0.36478519439697266,1.2176101207733154
0.5189417600631714,0.020289763808250427,0.539231538772583
0.9410995841026306,0.7726326584815979,1.7137322425842285
0.8605608344078064,0.6392675042152405,1.4998283386230469
0.6249880194664001,0.6424559950828552,1.2674440145492554
0.8353893756866455,0.2579202950000763,1.0933096408843994
0.009559503756463528,0.03326154872775078,0.04282105341553688
0.1268925964832306,0.0314902700483799,0.1583828628063202
0.15008902549743652,0.5119107365608215,0.6619997620582581
0.2765285074710846,0.07090571522712708,0.34743422269821167
0.4816363453865051,0.8412814736366272,1.3229178190231323
0.15260864794254303,0.34146052598953247,0.4940691590309143
0.12391247600317001,0.21333253383636475,0.33724501729011536
0.14686356484889984,0.1690220832824707,0.31588566303253174
0.642931342124939,0.5712218284606934,1.2141531705856323
0.17012543976306915,0.2413473129272461,0.41147273778915405
0.8499898314476013,0.004978769458830357,0.8549686074256897
0.45575568079948425,0.8641318678855896,1.3198875188827515
0.7892730236053467,0.32624033093452454,1.1155133247375488
0.8724045157432556,0.2703835368156433,1.142788052558899
0.9819210171699524,0.29640164971351624,1.278322696685791
0.7553693652153015,0.29797300696372986,1.053342342376709
0.24386535584926605,0.04039183631539345,0.2842572033405304
0.9514795541763306,0.2882143259048462,1.2396938800811768
0.13780266046524048,0.684310793876648,0.8221134543418884
0.31173571944236755,0.4322221577167511,0.7439578771591187
0.11641460657119751,0.585889995098114,0.7023046016693115
0.708747386932373,0.32515349984169006,1.0339008569717407
0.34452080726623535,0.6725322008132935,1.0170530080795288
0.7303996086120605,0.1608438640832901,0.8912434577941895
0.547515869140625,0.257611483335495,0.8051273822784424
0.3144799470901489,0.5139238834381104,0.8284038305282593
0.2237110137939453,0.505132257938385,0.7288432717323303
0.2898924946784973,0.6936061978340149,0.9834986925125122
0.2730182111263275,0.47081172466278076,0.7438299655914307
0.7264467477798462,0.5389268398284912,1.2653735876083374
0.16655588150024414,0.3493087887763977,0.5158646702766418
0.402529776096344,0.7874277234077454,1.1899574995040894
0.8545607328414917,0.9765664935112,1.8311271667480469
0.48356112837791443,0.5677772760391235,1.0513384342193604
0.5833303332328796,0.3339807391166687,0.9173110723495483
0.0785287618637085,0.5107002258300781,0.5892289876937866
0.1599232256412506,0.8264554738998413,0.9863786697387695
0.5019012689590454,0.6686676740646362,1.1705689430236816
0.48741433024406433,0.2906216084957123,0.7780359387397766
0.41555115580558777,0.8386939167976379,1.2542450428009033
0.4835047721862793,0.014833523891866207,0.4983382821083069
0.9260929822921753,0.4293464124202728,1.3554394245147705
0.37780213356018066,0.170662984251976,0.5484651327133179
0.7240682244300842,0.6536709070205688,1.3777391910552979
0.3563368022441864,0.33160486817359924,0.6879416704177856
0.5183254480361938,0.9393916130065918,1.4577170610427856
0.6477634310722351,0.6810586452484131,1.328822135925293
0.16886675357818604,0.24348704516887665,0.4123538136482239
0.8634510040283203,0.28304922580718994,1.1465002298355103
0.9866032600402832,0.8171352744102478,1.8037385940551758
0.7893247008323669,0.9084739685058594,1.697798728942871
0.9814407825469971,0.2742655277252197,1.2557063102722168
0.6306347846984863,0.8139992356300354,1.444633960723877
0.4463777542114258,0.34027236700057983,0.7866501212120056
0.5971948504447937,0.10279253125190735,0.6999874114990234
0.9823909997940063,0.03898121416568756,1.0213721990585327
0.8651310801506042,0.27100247144699097,1.1361335515975952
0.6282947063446045,0.8494213819503784,1.477716088294983
0.33977022767066956,0.753784716129303,1.093554973602295
0.9121421575546265,0.6533175706863403,1.5654597282409668
0.4671696424484253,0.15740427374839783,0.6245739459991455
0.4634382426738739,0.2655072510242462,0.7289454936981201
0.9048174023628235,0.5069277882575989,1.4117451906204224
0.3037188947200775,0.35948511958122253,0.6632040143013
0.9008891582489014,0.25674742460250854,1.1576366424560547
0.0767037495970726,0.8437018990516663,0.9204056262969971
0.9151989817619324,0.5610464811325073,1.476245403289795
0.8086428046226501,0.8240107297897339,1.6326534748077393
0.6856113076210022,0.8679121732711792,1.5535235404968262
0.9446636438369751,0.31568554043769836,1.260349154472351
0.8993878960609436,0.31731921434402466,1.2167071104049683
0.19393259286880493,0.7938387989997864,0.9877713918685913
0.23438237607479095,0.9689260721206665,1.2033084630966187
0.1567317247390747,0.3069223463535309,0.4636540710926056
0.568957507610321,0.19431735575199127,0.7632748484611511
0.7696477770805359,0.7016960382461548,1.471343755722046
0.7477698922157288,0.32297050952911377,1.0707404613494873
0.8585556745529175,0.6416800618171692,1.5002357959747314
0.7139451503753662,0.5526903867721558,1.266635537147522
0.07050918787717819,0.4739466905593872,0.544455885887146
0.7526614665985107,0.7616474032402039,1.5143089294433594
0.4067661762237549,0.1257782280445099,0.5325443744659424
0.44829630851745605,0.9731175303459167,1.4214138984680176
0.632716953754425,0.0503043606877327,0.6830213069915771
0.5583066344261169,0.4593428373336792,1.0176494121551514
0.5600706934928894,0.8969460725784302,1.4570167064666748
0.41122859716415405,0.6650696396827698,1.0762982368469238
0.3782956600189209,0.7497787475585938,1.1280744075775146
0.6537424325942993,0.9729081392288208,1.6266505718231201
0.4801758825778961,0.1405753791332245,0.6207512617111206
0.5741439461708069,0.616969108581543,1.191112995147705
0.951025664806366,0.9074790477752686,1.8585047721862793
0.6028321981430054,0.3547394573688507,0.9575716257095337
0.5460708737373352,0.3857203423976898,0.9317911863327026
0.8943920731544495,0.128653883934021,1.0230460166931152
0.7081093192100525,0.30175474286079407,1.009864091873169
0.4747554659843445,0.05572390928864479,0.530479371547699
0.9757985472679138,0.05946392938494682,1.0352624654769897
0.3035928010940552,0.23919633030891418,0.542789101600647
0.07134802639484406,0.5185666680335999,0.5899146795272827
0.3742528557777405,0.3146969676017761,0.6889498233795166
0.2178071141242981,0.8595187067985535,1.0773258209228516
0.4624878168106079,0.854046106338501,1.3165339231491089
0.8026977181434631,0.5516754984855652,1.3543732166290283
0.11336013674736023,0.8387728333473206,0.9521329402923584
0.03950251638889313,0.4774908125400543,0.5169933438301086
0.029351677745580673,0.0003896472044289112,0.029741324484348297
0.38911178708076477,0.11558161675930023,0.5046933889389038
0.0013033186551183462,0.3828870356082916,0.3841903507709503
0.02089528553187847,0.07218476384878159,0.0930800512433052
0.4738052487373352,0.39529508352279663,0.8691003322601318
0.4614381194114685,0.5220889449119568,0.9835270643234253
0.591520369052887,0.9381073117256165,1.5296276807785034
0.5784175395965576,0.10949749499559402,0.687915027141571
0.8791253566741943,0.6392703056335449,1.5183956623077393
0.2287817895412445,0.8381322026252747,1.0669139623641968
0.6457674503326416,0.9123445749282837,1.5581120252609253
0.9784154295921326,0.3854284882545471,1.3638439178466797
0.5243797898292542,0.9301077127456665,1.4544875621795654
0.24020183086395264,0.16632363200187683,0.40652546286582947
0.5070213079452515,0.5060714483261108,1.0130927562713623
0.9905637502670288,0.506059467792511,1.4966232776641846